CORPORATE_IDENTIFICATION_NUMBER,COMPANY_NAME,COMPANY_STATUS,COMPANY_CLASS,COMPANY_CATEGORY,AUTHORIZED_CAPITAL,PAIDUP_CAPITAL,DATE_OF_REGISTRATION,REGISTERED_STATE,REGISTRAR_OF_COMPANIES,PRINCIPAL_BUSINESS_ACTIVITY,REGISTERED_OFFICE_ADDRESS,SUB_CATEGORY
U92410DD2015NPL004758,DAMAN & DIU CRICKET LEAGUE,ACTIVE,Private,Company Limited by Shares,100000,100000,3/16/2015,Daman and Diu,RoC-Goa,"Community, personal & Social Services","2 SR.NO.375, HILL INDUSTRIAL ESTATE KACHIGAMDAMAN, I.E. DAMAN DAMAN Daman and Diu INDIA 396215",Indian Non-Government Company
U74999DD2015PTC004759,INDENT ONLINE SUPPLIES PRIVATE LIMITED,ACTIVE,Private,Company Limited by Shares,100000,100000,3/23/2015,Daman and Diu,RoC-Goa,Business Services,213 Sabari Kachigam Daman Daman and Diu INDIA 396210,Indian Non-Government Company
U05000DD2015PTC004756,CRUSTACE SEAFOOD PRIVATE LIMITED,ACTIVE,Private,Company Limited by Shares,12000000,100000,2/20/2015,Daman and Diu,RoC-Goa,Agriculture and Allied Activities,"1ST FLOOR, SHREE SAGAR DEVELOPERS JULAM BAUG,MOTI DAMAN DAMAN Daman and Diu INDIA 396220",Indian Non-Government Company
U45200DD2015PTC004755,ISHVA INFRACON INDIA PRIVATE LIMITED,ACTIVE,Private,Company Limited by Shares,100000,100000,02-05-15,Daman and Diu,RoC-Goa,Construction,"SHOP NO. 7, 1ST FLOOR, DMC COMPLEX, NEAR JUMMA MASJID, DIU Daman and Diu INDIA 362520",Indian Non-Government Company
U67190DD2014PTC004754,MOTIVE BROKING & ADVISORY PRIVATE LIMITED,ACTIVE,Private,Company Limited by Shares,100000,100000,12/30/2014,Daman and Diu,RoC-Goa,Finance,"OFFICE NO. 04, 7/5-11A, SHIV SAGAR BUILDING SOMNATH JUNCTION, DUBHEL, NANI DAMAN DAMAN Daman and Diu INDIA 396210",Indian Non-Government Company
U74120DD2014OPC004751,ALESSIA REMEDIES PRIVATE LIMITED (OPC),ACTIVE,One Person Company,Company Limited by Shares,500000,500000,12-04-14,Daman and Diu,RoC-Goa,Business Services,"H.NO.15-340/TF-1,""JAY APPT"" KHARIWAD NANI DAMAN Daman and Diu INDIA 396210",Indian Non-Government Company
U92413DD2014PTC004750,REDO ENTERTAINMENT PRIVATE LIMITED,ACTIVE,Private,Company Limited by Shares,100000,100000,11/26/2014,Daman and Diu,RoC-Goa,"Community, personal & Social Services","UT NEWS, DABHEL CHECK POST, SOMNATH, DAMAN, DAMAN & DIU DAMAN Daman and Diu INDIA 396215",Indian Non-Government Company
U51909DD2014PTC004745,INDIAN OCEAN ENTERPRISE PRIVATE LIMITED,ACTIVE,Private,Company Limited by Shares,100000,100000,02-12-14,Daman and Diu,RoC-Goa,Trading,"H. NO. 41/1, PATEL FALIA MARWAD NANI DAMAN, DAMAN Daman and Diu INDIA 396210",Indian Non-Government Company
U51909DD2014PTC004757,ARYA TRADEX PRIVATE LIMITED,ACTIVE,Private,Company Limited by Shares,100000000,100000000,1/13/2014,Daman and Diu,RoC-Goa,Trading,"New City Survey Plot No. PTS-93/240/A/1 Dr. Kelkar Road, DIU Daman and Diu INDIA 364001",Indian Non-Government Company
U67100DD2014PLC004742,SPAN WEALTH CREATION LIMITED,ACTIVE,Public,Company Limited by Shares,2500000,2500000,1/15/2014,Daman and Diu,RoC-Goa,Finance,"526/37 TEJ REGENCY, OPP. BHARAT INDUSTRIAL ESTATE, COSTAL HIGHWAY, BHIMPORE, DAMAN Daman and Diu INDIA 382481",Indian Non-Government Company
U24246DD2014PTC004744,COSMINOVA COSMETICS PRIVATE LIMITED,ACTIVE,Private,Company Limited by Shares,100000,100000,1/28/2014,Daman and Diu,RoC-Goa,"Manufacturing (Metals & Chemicals, and products thereof)",RINGANWADAKACHIGAM ROAD DAMAN DAMAN Daman and Diu INDIA 396210,Indian Non-Government Company
U55209DD2013PTC004730,FOODIES CAFE PRIVATE LIMITED,ACTIVE,Private,Company Limited by Shares,100000,100000,09-03-13,Daman and Diu,RoC-Goa,Trading,"H.No. 8-152/G-3, DAMANIA HEIGHTS, JETTY ROAD, NANI DAMAN DAMAN Daman and Diu INDIA 396210",Indian Non-Government Company
U74900DD2013PLC004729,VFM LOGISUPPORT SERVICES LIMITED,ACTIVE,Public,Company Limited by Shares,30000000,500000,8/27/2013,Daman and Diu,RoC-Goa,Business Services,"213 , Sabari, Kachigam ,Damam (UT) Daman Daman and Diu INDIA 396210",Indian Non-Government Company
U40109DD2013PTC004728,WIND WORLD WIND FARMS (AMBIKA) PRIVATE LIMITED,ACTIVE,Private,Company Limited by Shares,100000,100000,7/30/2013,Daman and Diu,RoC-Goa,"Electricity, Gas & Water companies","Plot No. 33, Unit-II, Silver Industrial Estate, Bhimpore, Nani Daman, Daman Daman and Diu INDIA 396210",Indian Non-Government Company
U40109DD2013PTC004726,WIND WORLD WIND FARMS (SANGOLE) PRIVATE LIMITED,ACTIVE,Private,Company Limited by Shares,100000,100000,7/30/2013,Daman and Diu,RoC-Goa,"Electricity, Gas & Water companies","Plot No. 33, Unit-II, Silver Industrial Estate, Bhimpore, Nani Daman, Daman Daman and Diu INDIA 396210",Indian Non-Government Company
U40109DD2013PTC004725,WIND WORLD WIND FARMS (JUNOM) PRIVATE LIMITED,ACTIVE,Private,Company Limited by Shares,100000,100000,7/30/2013,Daman and Diu,RoC-Goa,"Electricity, Gas & Water companies","Plot No. 33,Unit-II, Silver Industrial Estate, Bhimpore, Nani Daman, Daman Daman and Diu INDIA 396210",Indian Non-Government Company
U40109DD2013PTC004727,WIND WORLD WIND FARMS (TAPTI) PRIVATE LIMITED,ACTIVE,Private,Company Limited by Shares,100000,100000,7/30/2013,Daman and Diu,RoC-Goa,"Electricity, Gas & Water companies","Plot No. 33, Unit-II, Silver Industrial Estate, Bhimpore, Nani Daman, Daman Daman and Diu INDIA 396210",Indian Non-Government Company
U40109DD2013PTC004724,WIND WORLD WIND FARMS (JEUR) PRIVATE LIMITED,ACTIVE,Private,Company Limited by Shares,100000,100000,7/30/2013,Daman and Diu,RoC-Goa,"Electricity, Gas & Water companies","Plot No. 33, Unit - II Silver Industrial Estate, Bhimpore, Nani Daman, Daman Daman and Diu INDIA 396210",Indian Non-Government Company
U64203DD2013PTC004720,DHRULUCKY ENTERPRISE PRIVATE LIMITED,ACTIVE,Private,Company Limited by Shares,100000,100000,6/27/2013,Daman and Diu,RoC-Goa,"Transport, storage and Communications","138, KUND FALIA BHIMPORE NANI DAMAN Daman and Diu INDIA 396210",Indian Non-Government Company
U40108DD2013PTC004723,VAAYU RENEWABLE ENERGY (VAGAIKULAM) PRIVATE LIMITED,ACTIVE,Private,Company Limited by Shares,100000,100000,7/20/2013,Daman and Diu,RoC-Goa,"Electricity, Gas & Water companies","Plot No. 33, Daman Patalia Road, Bhimpore Daman Daman and Diu INDIA 396210",Indian Non-Government Company
U67190DD2013PTC004721,QUANT CAPITAL SECURITIES PRIVATE LIMITED,ACTIVE,Private,Company Limited by Shares,270000000,270000000,6/27/2013,Daman and Diu,RoC-Goa,Finance,"Shop No 9, Somnath Commercial Center Vapi Daman Road, Somnathdaman I.E.Daman Damana Daman Daman and Diu INDIA 396215",Indian Non-Government Company
U40200DD2013PTC004737,VAAYU RENEWABLE ENERGY (KOLAM) PRIVATE LIMITED,ACTIVE,Private,Company Limited by Shares,100000,100000,10-12-13,Daman and Diu,RoC-Goa,"Electricity, Gas & Water companies","Plot No. 33, Unit-II, Silver Industrial Estate Bhimpore, Nani Daman, Daman Daman and Diu INDIA 396210",Indian Non-Government Company
U52599DD2013PTC004722,UNIWAY INDIA PRIVATE LIMITED,ACTIVE,Private,Company Limited by Shares,1000000,100000,7/15/2013,Daman and Diu,RoC-Goa,Trading,"SURVEY NO. 747/1, KALARIA, ABOVE BANK OF INDIA SOMNATH KUNTA ROAD DAMAN Daman and Diu INDIA 396210",Indian Non-Government Company
U40102DD2013PTC004735,VAAYU RENEWABLE ENERGY (MEVASA) PRIVATE LIMITED,ACTIVE,Private,Company Limited by Shares,100000,100000,10-12-13,Daman and Diu,RoC-Goa,"Electricity, Gas & Water companies","Plot No. 33, Daman Patalia Road, Bhimpore Daman Daman and Diu INDIA 396210",Indian Non-Government Company
U40108DD2013PTC004736,VAAYU RENEWABLE ENERGY (PARNER) PRIVATE LIMITED,ACTIVE,Private,Company Limited by Shares,100000,100000,10-12-13,Daman and Diu,RoC-Goa,"Electricity, Gas & Water companies","Plot No. 33, Daman Patalia Road, Bhimpore Daman Daman and Diu INDIA 396210",Indian Non-Government Company
U40108DD2013PTC004734,VAAYU RENEWABLE ENERGY (MANDVI) PRIVATE LIMITED,ACTIVE,Private,Company Limited by Shares,100000,100000,10-12-13,Daman and Diu,RoC-Goa,"Electricity, Gas & Water companies","Plot No. 33, Daman Patalia Road, Bhimpore Daman Daman and Diu INDIA 396210",Indian Non-Government Company
U25202DD2013PTC004717,ALLIED PROPACK PRIVATE LIMITED,ACTIVE,Private,Company Limited by Shares,15000000,11200000,05-06-13,Daman and Diu,RoC-Goa,"Manufacturing (Metals & Chemicals, and products thereof)","Plot No. 10, Survey No. 361, Shree Ganesh Industrial Estate, Kachigam, Daman, Daman Daman and Diu INDIA 396210",Indian Non-Government Company
U67120DD2013PTC004719,QCAP SECURITIES PRIVATE LIMITED,ACTIVE,Private,Company Limited by Shares,270000000,100000,06-11-13,Daman and Diu,RoC-Goa,Finance,"Shop No 9, Somnath Commercial Center Vapi Daman Road, Somnathdaman I.E.Daman Damana Daman Daman and Diu INDIA 396215",Indian Non-Government Company
U40108DD2013PTC004718,VAAYU RENEWABLE ENERGY (KALAKUDI) PRIVATE LIMITED,ACTIVE,Private,Company Limited by Shares,100000,100000,5/21/2013,Daman and Diu,RoC-Goa,"Electricity, Gas & Water companies","Plot No. 33, Daman Patalia Road, Bhimpore Daman Daman and Diu INDIA 396210",Indian Non-Government Company
U63040DD2012PTC004715,SARK LOGISTICS PRIVATE LIMITED,ACTIVE,Private,Company Limited by Shares,100000,100000,12/22/2012,Daman and Diu,RoC-Goa,"Transport, storage and Communications","604/30, Ganesh Villa, Daman ganga darshan Society, Behind Polycab House,Khariwad, Nani Daman Daman Daman and Diu INDIA 396210",Indian Non-Government Company
U51101DD2012PTC004743,VIPRIT TRADING PRIVATE LIMITED,ACTIVE,Private,Company Limited by Shares,100000,100000,11/27/2012,Daman and Diu,RoC-Goa,Trading,"342, CHORO MITHABAVA, GHOGHALA DIU, GHOGHALA DIU Daman and Diu INDIA 362540",Indian Non-Government Company
U92400DD2012GAT004713,DABHEL GYMKHANA PRIVATE LIMITED,ACTIVE,Private,Company Limited by Guarantee,0,0,11-08-12,Daman and Diu,RoC-Goa,"Community, personal & Social Services","PRINCE FARM HOUSE, ATIYAWAD ROAD, OPP. VIJAYBAR AND RESTAURANT, DABHEL DAMAN Daman and Diu INDIA 396210",Guarantee and association Company
U25209DD2012PTC004714,MVS MANUFACTURING PRIVATE LIMITED,ACTIVE,Private,Company Limited by Shares,103000,100000,11/19/2012,Daman and Diu,RoC-Goa,"Manufacturing (Metals & Chemicals, and products thereof)","DIAMOND INDUSTRIAL ESTATE PLOT NO. 205/1,6,8 DABHEL ATIYAWAD NANI DAMAN Daman and Diu INDIA 396210",Indian Non-Government Company
U45202DD2012PTC004712,SAI AMRIT INFRA-SERVICES PRIVATE LIMITED,ACTIVE,Private,Company Limited by Shares,500000,500000,10/25/2012,Daman and Diu,RoC-Goa,Construction,"117/8, JAIN STREET, NANI DAMAN DAMAN Daman and Diu INDIA 396210",Indian Non-Government Company
U55101DD2012PTC004711,SHIVSHRADHA HOSPITALITY PRIVATE LIMITED,ACTIVE,Private,Company Limited by Shares,10000000,10000000,10/18/2012,Daman and Diu,RoC-Goa,Trading,"DAJI NI WADI, OPP.GOVERNMENT HOSPITAL, DEVKA ROAD, NANI DAMAN Daman and Diu INDIA 396210",Indian Non-Government Company
U51100DD2012PTC004708,UNIBIZ MULTI TRADE PRIVATE LIMITED,ACTIVE,Private,Company Limited by Shares,1000000,100000,08-11-12,Daman and Diu,RoC-Goa,Trading,"SURVEY NO 747/1, KALARIA, ABOVE BANK OF INDIA, SOMNATH KUNTA ROAD DAMAN Daman and Diu INDIA 396210",Indian Non-Government Company
U55101DD2012PTC004707,WATEREDGE HOSPITALITY PRIVATE LIMITED,ACTIVE,Private,Company Limited by Shares,45000000,40100000,07-02-12,Daman and Diu,RoC-Goa,Trading,"8/211, PARKOTA SHERI, NANI DAMAN, DAMAN Daman and Diu INDIA 396210",Indian Non-Government Company
U67110DD2012PTC004704,WIND FINANCIAL SERVICES PRIVATE LIMITED,ACTIVE,Private,Company Limited by Shares,20000000,20000000,02-01-12,Daman and Diu,RoC-Goa,Finance,"Shop No 102/A 436 square Feet Built Up Area, Dabhel Daman and Diu INDIA 396215",Indian Non-Government Company
U51504DD2012PTC004703,SAMYKH ENTERPRISE PRIVATE LIMITED,ACTIVE,Private,Company Limited by Shares,2500000,100000,1/16/2012,Daman and Diu,RoC-Goa,Trading,"C/1, SOMNATH BUILDING, DR. KELKAR ROAD OPP. TELEPHONE EXCHANGE DIU Daman and Diu INDIA 362520",Indian Non-Government Company
U40108DD2011PTC004701,VAAYU RENEWABLE ENERGY (ARABIAN SEA) PRIVATE LIMITED,ACTIVE,Private,Company Limited by Shares,150000000,22600000,10/17/2011,Daman and Diu,RoC-Goa,"Electricity, Gas & Water companies","PLOT NO. 33, DAMAN PATALIA ROAD, BHIMPORE DAMAN Daman and Diu INDIA 396210",Indian Non-Government Company
U65900DD2011PTC004700,VIJETA MULTI COMMODITIES PRIVATE LIMITED,ACTIVE,Private,Company Limited by Shares,20000000,10100000,9/21/2011,Daman and Diu,RoC-Goa,Finance,"118, MAHARANI UDYOG, 1ST FLOOR, SOMNATH ROAD, DABHEL, NANI DAMAN Daman and Diu INDIA 396210",Indian Non-Government Company
U52599DD2011PTC004699,URJA MULTITRADE PRIVATE LIMITED,ACTIVE,Private,Company Limited by Shares,100000,100000,8/19/2011,Daman and Diu,RoC-Goa,Trading,"Office No. 139, Center Point, Somnath Circle, Dabher Daman Daman and Diu INDIA 396210",Indian Non-Government Company
U65990DD2011PTC004698,JAGUAR FOREX PRIVATE LIMITED,ACTIVE,Private,Company Limited by Shares,2700000,2600000,07-01-11,Daman and Diu,RoC-Goa,Finance,"SHOP NO. 12, DR. KELKAR ROAD, NR. ASHIRWAD JWELLERS, DIU Daman and Diu INDIA 362520",Indian Non-Government Company
U24232DD2011PTC004693,CAPITAL PHARMACEUTICALS PRIVATE LIMITED,ACTIVE,Private,Company Limited by Shares,5000000,100000,03-11-11,Daman and Diu,RoC-Goa,"Manufacturing (Metals & Chemicals, and products thereof)","400/1, DUNGRI FALIYA, KACHIGAM CHAR RASTA, KACHIGAM NANI DAMAN Daman and Diu INDIA 396210",Indian Non-Government Company
U24230DD2011PTC004692,BLISS INDASI LIFESCIENCE PRIVATE LIMITED,ACTIVE,Private,Company Limited by Shares,21000000,18100000,03-09-11,Daman and Diu,RoC-Goa,"Manufacturing (Metals & Chemicals, and products thereof)","PLOTS NO.72-76 SILVER INDUSTRIAL ESTATE, BHIMPORE DAMAN Daman and Diu INDIA 396210",Indian Non-Government Company
U67190DD2011PTC004689,LAABH FOREX & CONSTRUCTION PRIVATE LIMITED,ACTIVE,Private,Company Limited by Shares,3000000,3000000,01-06-11,Daman and Diu,RoC-Goa,Finance,"HOUSE NO. 5/105(8)-4, PARSIWADA, MAIN BAZAR DIU Daman and Diu INDIA 362520",Indian Non-Government Company
U24110DD2011PTC004695,POWERBAND INDUSTRIES PRIVATE LIMITED,ACTIVE,Private,Company Limited by Shares,10000000,5000000,05-02-11,Daman and Diu,RoC-Goa,"Manufacturing (Metals & Chemicals, and products thereof)","Survey No. 354/3,4,5, Kachigam, Daman Daman and Diu INDIA 396210",Indian Non-Government Company
U45201DD2010PTC004688,LA PEARL REALTECH PRIVATE LIMITED,ACTIVE,Private,Company Limited by Shares,10000000,100000,12-08-10,Daman and Diu,RoC-Goa,Construction,"105, PUSHPANJALI APPARTMENT, SAI KRUPA SOCIETY NO. 4, AIRPORT ROAD, NANI DAMAN DAMAN Daman and Diu INDIA 396210",Indian Non-Government Company
U24130DD2010PTC004686,SAVLA PLAST PRIVATE LIMITED,ACTIVE,Private,Company Limited by Shares,1100000,100000,9/24/2010,Daman and Diu,RoC-Goa,"Manufacturing (Metals & Chemicals, and products thereof)","SHOP NO. 49, CENTRE POINT HOUSING CO-OPERATIVE SOCIETY,VAPI DAMAN ROAD, DABHEL, DAMAN Daman and Diu INDIA 396210",Indian Non-Government Company
U45200DD2011PTC004690,VISION BEYOND REALTY AND INFRASTRUCTURE PRIVATE LIMITED,ACTIVE,Private,Company Limited by Shares,500000,100000,2/15/2011,Daman and Diu,RoC-Goa,Construction,"SHOP NO.1, DAMANIA HEIGHTS BELOW BIG BUY SHOPPE, K.K. MARG, NANI DAMAN Daman and Diu INDIA 396210",Indian Non-Government Company
U17297DD2010PTC004687,MGM METALLISERS INDIA PRIVATE LIMITED,ACTIVE,Private,Company Limited by Shares,25500000,12698900,9/27/2010,Daman and Diu,RoC-Goa,Manufacturing (Textiles),"SURVEY No.168/74 & 63, DABHEL IND. CO-OP. SOCIETY LIMITED, VILLAGE DABHEL, NANI DAMAN DAMAN Daman and Diu INDIA 396210",Indian Non-Government Company
U74900DD2010PTC004685,DAMAN COMMODITIES PRIVATE LIMITED,ACTIVE,Private,Company Limited by Shares,3000000,3000000,09-06-10,Daman and Diu,RoC-Goa,Business Services,"SURVEY NO. 47 / 6A, OPPOSITE SOMNATH BUS STAND, DABHEL DAMAN Daman and Diu INDIA 396210",Indian Non-Government Company
U27310DD2011PLC004696,KARNAWAT METAL INDUSTRIES LIMITED,ACTIVE,Public,Company Limited by Shares,10000000,500000,6/24/2011,Daman and Diu,RoC-Goa,"Manufacturing (Metals & Chemicals, and products thereof)","105, PUSHPANJALI APPARTMENT, SAI KRUPA SOCIETY NO.4, AIRPORT ROAD NANI DAMAN Daman and Diu INDIA 396210",Indian Non-Government Company
U51909DD2010PTC004683,DIVINE CELL PHONES PRIVATE LIMITED,ACTIVE,Private,Company Limited by Shares,10000000,8001000,3/30/2010,Daman and Diu,RoC-Goa,Trading,"Dmc1-46/b Vikas Arcade, k k road, opp. police station NANI DAMAN DAMAN Daman and Diu INDIA 396210",Indian Non-Government Company
U74900DD2010PTC004682,NIRAJ FOREX & TRAVELS PRIVATE LIMITED,ACTIVE,Private,Company Limited by Shares,3000000,2655000,03-09-10,Daman and Diu,RoC-Goa,Business Services,"Gurukrupa Complex, Opp. Hotel Prince, Jethibai Road,Vorawada Diu Daman and Diu INDIA 362520",Indian Non-Government Company
U01122DD2010PTC004681,DHRUV AGRICULTURES PRIVATE LIMITED,ACTIVE,Private,Company Limited by Shares,100000,100000,02-01-10,Daman and Diu,RoC-Goa,Agriculture and Allied Activities,"105, PUSHPANAJALI APPARTMENT, SAI KRUPA SOCIETY NO. 4, AIRPORT ROAD NANI DAMAN Daman and Diu INDIA 396210",Indian Non-Government Company
U45200DD2010PTC004680,KARNAWAT INFRASTRUCTURES PRIVATE LIMITED,ACTIVE,Private,Company Limited by Shares,100000,100000,1/28/2010,Daman and Diu,RoC-Goa,Construction,"105, PUSHPANAJALI APPARTMENT, SAI KRUPA SOCIETY NO. 4, AIRPORT ROAD NANI DAMAN Daman and Diu INDIA 396210",Indian Non-Government Company
U65999DD2009PTC004678,VENUS STOCK BROKER PRIVATE LIMITED,ACTIVE,Private,Company Limited by Shares,2000000,100000,11/30/2009,Daman and Diu,RoC-Goa,Finance,"G3, OIDC Udyog Nagar, Ringanwada, Daman Daman and Diu INDIA 396210",Indian Non-Government Company
U40102DD2009PTC004677,VAAYU (INDIA) POWER CORPORATION PRIVATE LIMITED,ACTIVE,Private,Company Limited by Shares,3600000000,3520000000,11-12-09,Daman and Diu,RoC-Goa,"Electricity, Gas & Water companies","PLOT NO. 33, DAMAN PATALIA ROAD, BHIMPORE DAMAN Daman and Diu INDIA 396210",Indian Non-Government Company
U67190DD2009PTC004673,SHAAFIA FOREX PRIVATE LIMITED,ACTIVE,Private,Company Limited by Shares,2700000,2700000,8/18/2009,Daman and Diu,RoC-Goa,Finance,NR. ELECTRIC SUB-STATION MAIN BAZAR DIU Daman and Diu INDIA 362520,Indian Non-Government Company
U93000DD2009PTC004753,TRADEBULLS SECURITIES PRIVATE LIMITED,ACTIVE,Private,Company Limited by Shares,20000000,13504000,06-09-09,Daman and Diu,RoC-Goa,"Community, personal & Social Services","Flat No. 304, ""SAI NIVAS-C"" Kathiria Daman and Diu INDIA 396210",Indian Non-Government Company
U67120DD2009PTC004746,AFFLUENCE FINCON SERVICE PRIVATE LIMITED,ACTIVE,Private,Company Limited by Shares,4500000,4000000,05-12-09,Daman and Diu,RoC-Goa,Finance,"SHOP NO. 15, SHANTINIKETAN BUILDING, KEVDI FALIA, DABHEL, NANI DAMAN, DAMAN Daman and Diu INDIA 396210",Indian Non-Government Company
U25200DD2009PLC004671,SCHOELLER ALLIBERT TIME MATERIALS HANDLING SOLUTIONS LIMITED,ACTIVE,Public,Company Limited by Shares,50000000,48812230,5/13/2009,Daman and Diu,RoC-Goa,"Manufacturing (Metals & Chemicals, and products thereof)","213,SABARI , KACHIGAM DAMAN Daman and Diu INDIA 396210",Indian Non-Government Company
U27201DD2009PTC004670,RELICAB CABLE MANUFACTURING PRIVATE LIMITED,ACTIVE,Private,Company Limited by Shares,10000000,10000000,2/23/2009,Daman and Diu,RoC-Goa,"Manufacturing (Metals & Chemicals, and products thereof)","57/1,(4-B) BENSLORE INDUSTRIAL ESTATE DUNETHA, DAMAN - 396210 (U. T ) DAMAN Daman and Diu INDIA 392610",Indian Non-Government Company
U67110DD2009PTC004706,SILVER STREAM EQUITIES PRIVATE LIMITED,ACTIVE,Private,Company Limited by Shares,40000000,11583500,02-03-09,Daman and Diu,RoC-Goa,Finance,"Shop No. 11, G Cinema Screen 3 Building Somnath Junction, Village Dabhel Nani Daman Daman and Diu INDIA 396215",Indian Non-Government Company
U36991DD2008PTC004672,PENTEK PEN AND STATIONERY PRIVATE LIMITED,ACTIVE,Private,Company Limited by Shares,16666670,16666670,11-12-08,Daman and Diu,RoC-Goa,Manufacturing (Others),"SURVEY NO.327/2,3,7A, KACHIGAON,CHALA ROAD, KACHIGAON DAMAN Daman and Diu INDIA 396210",Indian Non-Government Company
U64200DD2008PTC004664,HELLO BOL TELESERVICES PRIVATE LIMITED,ACTIVE,Private,Company Limited by Shares,100000,0,7/16/2008,Daman and Diu,RoC-Goa,"Transport, storage and Communications","A-1, 108, SANSKRITI APT, AIRPORT ROAD, NEAR POLYCAB WIRES, NANI DAMAN Daman and Diu INDIA 396210",Indian Non-Government Company
U25209DD2008PTC004669,CELLO TIPS AND PENS PRIVATE LIMITED,ACTIVE,Private,Company Limited by Shares,16666670,16666670,04-01-08,Daman and Diu,RoC-Goa,"Manufacturing (Metals & Chemicals, and products thereof)","PLOT NO.711/1,2,3,4 SOMNATH ROAD, DABHEL DAMAN Daman and Diu INDIA 396210",Indian Non-Government Company
U25200DD2008PTC004662,RAJ MULTIPLAST PRIVATE LIMITED,ACTIVE,Private,Company Limited by Shares,500000,100000,5/30/2008,Daman and Diu,RoC-Goa,"Manufacturing (Metals & Chemicals, and products thereof)","SURVEY NO.653/1, GALA NO.5,6 AND 7, MAHAVIR INDUSTRIAL ESTATE,KACHIGAM ROAD, SOMNATH, NANI DAMAN Daman and Diu INDIA 396210",Indian Non-Government Company
U51495DD2008PTC004668,CELLO PLASTIC PRODUCTS PRIVATE LIMITED,ACTIVE,Private,Company Limited by Shares,83333340,83333340,04-01-08,Daman and Diu,RoC-Goa,Trading,"685/1-A,1ST FLOOR,CELLO HOUSEHOLD COMPOUND SOMNATH ROAD,DABHEL DAMAN Daman and Diu INDIA 396210",Indian Non-Government Company
U14200DD2008PTC004716,METAL HOLDINGS INDIA PRIVATE LIMITED,ACTIVE,Private,Company Limited by Shares,30000000,20350000,04-07-08,Daman and Diu,RoC-Goa,Mining & Quarrying,"F-105, Pushpanjali Apartment Nani Daman Daman and Dui Daman and Diu INDIA 396210",Indian Non-Government Company
U74999DD2008PTC004661,RADHA MADHAV RESEARCH AND TRADE PRIVATE LIMITED,ACTIVE,Private,Company Limited by Shares,200000000,137030000,05-05-08,Daman and Diu,RoC-Goa,Business Services,"Survey No.113/1, Daman Industrial Estate,Village Kadaiya, Nani Daman Daman and Diu INDIA 396210",Indian Non-Government Company
U55101DD2008PTC004660,DAMAN FUNCITY PRIVATE LIMITED,ACTIVE,Private,Company Limited by Shares,100000000,1333331,04-02-08,Daman and Diu,RoC-Goa,Trading,"40/A, Ghelwad Falia, Dabhel Nani Daman Daman Daman and Diu INDIA 396210",Indian Non-Government Company
U67110DD2008PTC004702,VIJETA BROKING INDIA PRIVATE LIMITED,ACTIVE,Private,Company Limited by Shares,50000000,47500000,03-05-08,Daman and Diu,RoC-Goa,Finance,"118, MAHARANI UDYOG, 1ST FLOOR, SOMNATH ROAD, DABHEL, NANI DAMAN Daman and Diu INDIA 396210",Indian Non-Government Company
U55101DD2007PTC004658,DAMAN HOSPITALITY PRIVATE LIMITED,ACTIVE,Private,Company Limited by Shares,600000000,386870088,8/23/2007,Daman and Diu,RoC-Goa,Trading,"Survey No. 8/1 and 8/1-A, Village Varkund, Vapi Daman Road NANI DAMAN Daman and Diu INDIA 396210",Indian Non-Government Company
U72200DD2008PTC004659,VIRTUAL INFOSOFT PRIVATE LIMITED,ACTIVE,Private,Company Limited by Shares,100000,0,01-10-08,Daman and Diu,RoC-Goa,Business Services,"ACE SHOPPING MALL, FLAT NO. 207, IIND FLOOR, DILIP NAGAR, NANI DAMAN Daman and Diu INDIA 396210",Indian Non-Government Company
U74992DD2007PTC004663,RADHA MADHAV HOLDINGS PRIVATE LIMITED,ACTIVE,Private,Company Limited by Shares,20000000,5100000,9/25/2007,Daman and Diu,RoC-Goa,Business Services,"50/9A, Daman Industrial Estate, Village, Kadaiya, Nani Daman Daman and Diu INDIA 396210",Indian Non-Government Company
U74999DD2007PTC004747,AFFLUENCE COMMODITIES PRIVATE LIMITED,ACTIVE,Private,Company Limited by Shares,30000000,7100000,1/30/2007,Daman and Diu,RoC-Goa,Business Services,"SHOP NO. 15, SHANTINIKETAN BUILDING, KEVDI FALIA, DABHEL, NANI DAMAN, DAMAN Daman and Diu INDIA 396210",Indian Non-Government Company
U00432DD2006PTC004406,WIND WORLD WIND FARMS (NETTUR) PRIVATE LIMITED,ACTIVE,Private,Company Limited by Shares,75000000,69000000,02-07-06,Daman and Diu,RoC-Goa,NA,"PLOT NO. 33, DAMAN PATALIAROAD, BHIMPORE, DAMAN 396 210 DAMAN 396 210 Daman and Diu INDIA",Indian Non-Government Company
U40108DD2005PTC004654,WIND WORLD WIND FARMS (PRITHVI) PRIVATE LIMITED,ACTIVE,Private,Company Limited by Shares,65000000,65000000,12/30/2005,Daman and Diu,RoC-Goa,"Electricity, Gas & Water companies","PLOT NO. 33, DAMAN PATALIA ROAD, BHIMPORE, DAMAN DAMAN Daman and Diu INDIA 396210",Indian Non-Government Company
U31200DD1987PTC000990,VASPAN TEXTURISERS PRIVATE LIMITED,ACTIVE,Private,Company Limited by Shares,2000000,1995000,12-09-87,Daman and Diu,RoC-Goa,Manufacturing (Machinery & Equipments),"PLOT NO 38, DABHEL IND CO-OP SOC LTD DABHEL NANI DAMAN Daman and Diu INDIA 396210",Indian Non-Government Company
U31200DD1988PTC000919,MANSI PLASTICS PRIVATE LIMITED,ACTIVE,Private,Company Limited by Shares,1000000,996700,10/31/1988,Daman and Diu,RoC-Goa,Manufacturing (Machinery & Equipments),"A-2/25, GDDIDC, SOMNATH ROAD,DAMAN - 396210 DABHEL, (U.T) OF DAMAN. (U.T) OF DAMAN. Daman and Diu INDIA",Indian Non-Government Company
U15511DD1986PTC000674,ROYAL DISTILLERY PRIVATE LIMITED,ACTIVE,Private,Company Limited by Shares,2500000,1641000,04-09-86,Daman and Diu,RoC-Goa,Manufacturing (Food stuffs),RINGANWADAKACHIGAM ROAD DAMAN DAMAN Daman and Diu INDIA 396210,Indian Non-Government Company
U15511DD1985PTC000649,JUPITER DISTILLERY PRIVATE LIMITED,ACTIVE,Private,Company Limited by Shares,2500000,100000,11/18/1985,Daman and Diu,RoC-Goa,Manufacturing (Food stuffs),KATHIRIANANI DAMAN DAMAN Daman and Diu INDIA 396210,Indian Non-Government Company
U21029DD1996PLC003450,PARKSONS PACKAGING LIMITED,ACTIVE,Public,Company Limited by Shares,200000000,126783270,4/20/1996,Daman and Diu,RoC-Goa,"Manufacturing (Paper & Paper products, Publishing, printing and reproduction of recorded media)","SURVEY NO. 11 & 13,RINGANWADA, NANI DAMAN, DAMAN 396 210 U.T. DAMAN 396 210 U.T. Daman and Diu INDIA 396210",Indian Non-Government Company
U72200DD2003PTC003291,TECHKNOWLEDGY INTERACTIVE PARTNERS PRIVATE LIMITED,ACTIVE,Private,Company Limited by Shares,500000,100000,9/19/2003,Daman and Diu,RoC-Goa,Business Services,2/182VANIA WARD NANI DAMAN DAMAN Daman and Diu INDIA 396210,Indian Non-Government Company
L01122DD1991PLC002959,MULTIBASE INDIA LIMITED,ACTIVE,Public,Company Limited by Shares,130000000,126200000,12/17/1991,Daman and Diu,RoC-Goa,Agriculture and Allied Activities,74/5 6 DAMAN INDUSTRIALESTATE KADAIYAVILLAGE NANIDAMAN UNIONTERITORY Daman and Diu INDIA 396210,Indian Non-Government Company
U18101DD2001PTC002958,AVI GLOBAL PLAST PRIVATE LIMITED,ACTIVE,Private,Company Limited by Shares,20000000,7048760,2/27/2001,Daman and Diu,RoC-Goa,Manufacturing (Textiles),"SURVEY NO. 266/4/5/6 VILLAGE DUNETHA, BHENSLORE NANIDAMAN Daman and Diu INDIA 396210",Indian Non-Government Company
L67120DD1995PLC002624,SHUKRA BULLIONS LIMITED,ACTIVE,Public,Company Limited by Shares,55000000,50130500,2/14/1995,Daman and Diu,RoC-Goa,Finance,CHIRAG INDUSTRIAL ESTATESOMNATH ROAD DAMAN (U T) DAMAN Daman and Diu INDIA 396210,Indian Non-Government Company
U25209DD1981PLC002490,UNIMIN INDIA LIMITED,ACTIVE,Public,Company Limited by Shares,400100000,201751720,12/18/1981,Daman and Diu,RoC-Goa,"Manufacturing (Metals & Chemicals, and products thereof)",VILLAGE KADAYADAMAN INDL ESTATE NANI DAMAN DAMAN U.T. Daman and Diu INDIA 396210,Indian Non-Government Company
L67120DD1987PLC002395,PSL LIMITED,ACTIVE,Public,Company Limited by Shares,1800000000,989352520,8/24/1987,Daman and Diu,RoC-Goa,Finance,KACHIGAM DAMAN Union Territory of Daman and Diu Daman and Diu INDIA 396210,Indian Non-Government Company
U36109DD1981PLC002380,EUROCOUSTIC PRODUCTS LIMITED,ACTIVE,Public,Company Limited by Shares,50000000,26823000,8/13/1981,Daman and Diu,RoC-Goa,Manufacturing (Others),KACHIGAM DAMAN UT OF DAMAN DIU Daman and Diu INDIA 396210,Indian Non-Government Company
U24232DD1975PTC000218,ANCHOR PHARMA PRIVATE LIMITED,ACTIVE,Private,Company Limited by Shares,2500000,2000000,4/28/1975,Daman and Diu,RoC-Goa,"Manufacturing (Metals & Chemicals, and products thereof)",B-6 OMNIBUS INDUSTRIALDEVELOPMENT CORPORATION RINGANWADA DAMAN Daman and Diu INDIA 396210,Indian Non-Government Company
U31200DD1993PTC001892,BHARAT RESINS PRIVATE LIMITED,ACTIVE,Private,Company Limited by Shares,70000000,9031000,3/19/1993,Daman and Diu,RoC-Goa,Manufacturing (Machinery & Equipments),"PLOT NO 168/43-44-45,DABHEL INDUSTRIAL CO.OP.SOC. LIMITED, DABHEL, DAMAN Daman and Diu INDIA 396210",Indian Non-Government Company
U28111DD1994PTC001689,DYNASTY PLASTICS PRIVATE LIMITED,ACTIVE,Private,Company Limited by Shares,5000000,3414000,11-01-94,Daman and Diu,RoC-Goa,"Manufacturing (Metals & Chemicals, and products thereof)","BHARAT INDUSTRIAL ESTATE,PLOT NO.21, BHIMPORE, DAMAN (U.T.) Daman and Diu INDIA 396210",Indian Non-Government Company
U60231DD1994PLC001687,TRANS FLEET LIMITED,ACTIVE,Public,Company Limited by Shares,52000000,50000000,10/31/1994,Daman and Diu,RoC-Goa,"Transport, storage and Communications",23BHARAT INDUSTRIAL ESTATE BHIMPORE DAMAN Daman and Diu INDIA,Indian Non-Government Company
L65921DD1994PLC001678,COMFORT INTECH LIMITED,ACTIVE,Public,Company Limited by Shares,400000000,319938080,10/17/1994,Daman and Diu,RoC-Goa,Finance,106AVKAR ALGANI NAGAR KALARIA DAMAN Daman and Diu INDIA 396210,Indian Non-Government Company
U22219DD1994PTC001656,JAMPORE PRINTERS PRIVATE LIMITED,ACTIVE,Private,Company Limited by Shares,1600000,1600000,9/20/1994,Daman and Diu,RoC-Goa,"Manufacturing (Paper & Paper products, Publishing, printing and reproduction of recorded media)","SURVEY NO.376/2 (11) , OPP; SABRI COMPLEX KACHIGAM DAMAN Daman and Diu INDIA 396210",Indian Non-Government Company
U15132DD1994PLC001618,TRANS AGROTECH LIMITED,ACTIVE,Public,Company Limited by Shares,42500000,33500700,6/27/1994,Daman and Diu,RoC-Goa,Manufacturing (Food stuffs),23 BHARATINDUSTRIES ESTATE BHIMPORE DAMAN Daman and Diu INDIA 396210,Indian Non-Government Company
U24246DD1994PLC001574,PREMIER COSMETICS LIMITED,ACTIVE,Public,Company Limited by Shares,2500000,1000000,4/20/1994,Daman and Diu,RoC-Goa,"Manufacturing (Metals & Chemicals, and products thereof)","8-9-10, MAHAVIR INDUSTRIAL ESTATE DABHEL DAMAN Daman and Diu INDIA",Indian Non-Government Company
U24346DD1994PTC001547,NILGIRI HERBALS AND AGRO INDUSTRIES PRIVATE LIMITED,ACTIVE,Private,Company Limited by Shares,13000000,13000000,3/17/1994,Daman and Diu,RoC-Goa,NA,SURVEY NO.9/3 VILLAGE DABHELVAPI DAMAN MAIN ROAD DAMAN UNION TERRITORY Daman and Diu INDIA,Indian Non-Government Company
L25209DD1988PLC001544,WIM PLAST LIMITED,ACTIVE,Public,Company Limited by Shares,70000000,60016800,10-07-88,Daman and Diu,RoC-Goa,"Manufacturing (Metals & Chemicals, and products thereof)","S. No. 324 / 4 to 7 of Kachigam, Village Kachigam Swami Narayan Gurukul Road Daman Daman and Diu INDIA 396210",Indian Non-Government Company
L25206DD1993PLC001470,PRIMA PLASTICS LIMITED,ACTIVE,Public,Company Limited by Shares,120000000,110004700,11/17/1993,Daman and Diu,RoC-Goa,"Manufacturing (Metals & Chemicals, and products thereof)",98/4 PRIMA HOUSEDAMAN INDUSTRIAL ESTATE KADAIYA NANI DAMAN DAMAN Daman and Diu INDIA 396210,Indian Non-Government Company
U01451DD1993PTC001451,DHANI HOTELS PRIVATE LIMITED,ACTIVE,Private,Company Limited by Shares,10000000,7420000,10/20/1993,Daman and Diu,RoC-Goa,NA,MAHARAJA SUPER MARKETOPP POLICE TATION NANI DAMAN U T OF DAMAN Daman and Diu INDIA 396210,Indian Non-Government Company
U25209DD1988PTC001449,KOSMOS C0-EXTRUSIONS PRIVATE LIMITED,ACTIVE,Private,Company Limited by Shares,5000000,3000000,08-03-88,Daman and Diu,RoC-Goa,"Manufacturing (Metals & Chemicals, and products thereof)","25, SOMNATH CO.OP.IND.SOCIETYLTD, SOMNATH ROAD DABHEL, DAMAN 396 210. Daman and Diu INDIA",Indian Non-Government Company
U25209DD1991PTC001277,CELLO INTERNATIONAL PRIVATE LIMITED,ACTIVE,Private,Company Limited by Shares,40000000,20000000,1/21/1991,Daman and Diu,RoC-Goa,"Manufacturing (Metals & Chemicals, and products thereof)","PLOT NO.720/5,SOMNATH ROAD,DHABEL, DAMAN Daman and Diu INDIA",Indian Non-Government Company
U65923DD1992SGC001221,OMNIBUS INDUSTRIAL DEVELOPMENT CORPORATION OF DAMAN DIU AND DADRA NAGAR HAVELI LIMITED,ACTIVE,Public,Company Limited by Shares,500000000,260655700,3/27/1992,Daman and Diu,RoC-Goa,Finance,NEAR SECRETRIATFORT MOTI DAMAN NANI DAMAN DAMAN Daman and Diu INDIA 396210,State Government Company
U55101DD1990PTC001081,BHAVEE HOTELS AND RESORTS PRIVATE LIMITED,ACTIVE,Private,Company Limited by Shares,1500000,108000,9/27/1990,Daman and Diu,RoC-Goa,Trading,"1-A SILVER SANDS BEAACH,COMPLEX MARWAD VILLAGE DAMAN Daman and Diu INDIA 396210",Indian Non-Government Company
U74950DD1988PTC001071,SOMNATH PACKAGING PRIVATE LIMITED,ACTIVE,Private,Company Limited by Shares,1000000,992000,1/29/1988,Daman and Diu,RoC-Goa,Business Services,"PLOT NO.758/3&5,BEHIND SOMNATH BUS STAND NANI DAMAN,DAMAN GOA Daman and Diu INDIA 396210",Indian Non-Government Company
U74999DD1988PTC004731,JIGAR COMMODITIES & DERIVATIVES PRIVATE LIMITED,ACTIVE,Private,Company Limited by Shares,108300000,93337750,02-02-88,Daman and Diu,RoC-Goa,Business Services,"OFFICE NO. 141, CENTER POINT SOMNATH, DAMAN DAMAN Daman and Diu INDIA 396210",Indian Non-Government Company
U74999DD1993PTC004749,PURVAG COMMODITIES & DERIVATIVES PRIVATE LIMITED,ACTIVE,Private,Company Limited by Shares,103200000,100905800,11/18/1993,Daman and Diu,RoC-Goa,Business Services,"Office No.141, Center Point, Somnath Daman Daman and Diu INDIA 396210",Indian Non-Government Company
U01122DD2005PLC004015,PERFUNOVA (INTERNATIONAL) LIMITED,ACTIVE,Public,Company Limited by Shares,20000000,511000,05-03-05,Daman and Diu,RoC-Goa,Agriculture and Allied Activities,KACHIGAM DAMAN Daman and Diu INDIA 396210,Indian Non-Government Company
L74950DD2005PLC003775,RADHA MADHAV CORPORATION LIMITED,ACTIVE,Public,Company Limited by Shares,690000000,628422750,01-07-05,Daman and Diu,RoC-Goa,Business Services,SURVEY NO 50/9 ADAMAN INDUSTRIAL ESTATE VILLAGE KADAIYA NANI DAMAN Daman and Diu INDIA 396210,Indian Non-Government Company
U22122DD2004PTC003566,DAMAN NEWS LINE PRIVATE LIMITED,ACTIVE,Private,Company Limited by Shares,500000,100000,7/29/2004,Daman and Diu,RoC-Goa,"Manufacturing (Paper & Paper products, Publishing, printing and reproduction of recorded media)","DABHEL CHECK POST, DABHEL-NANI DAMAN, DAMAN Daman and Diu INDIA 396215",Indian Non-Government Company
U24293DD2004PTC003383,CHIRAG PETROCHEMICALS PRIVATE LIMITED,ACTIVE,Private,Company Limited by Shares,1000000,100000,02-06-04,Daman and Diu,RoC-Goa,"Manufacturing (Metals & Chemicals, and products thereof)",PLOT NO 79PANCHAL UDYOG NAGAR BHIMPORE DAMAN NANI DAMAN Daman and Diu INDIA 396210,Indian Non-Government Company
U52399DD2003PTC003292,ACCENT PACKAGING PRIVATE LIMITED,ACTIVE,Private,Company Limited by Shares,100000,100000,9/19/2003,Daman and Diu,RoC-Goa,Trading,2/182 VANIA WARDNANI DAMAN DAMAN DAMAN Daman and Diu INDIA 396210,Indian Non-Government Company
U01122DD2003PTC003276,TIME MAUSER INDUSTRIES PRIVATE LIMITED,ACTIVE,Private,Company Limited by Shares,175000000,171450000,8/14/2003,Daman and Diu,RoC-Goa,Agriculture and Allied Activities,"205, SABARI APARTMENTSECOND FLOOR, BUILDING NO. 1 SURVEY NO 387 KACHIGAM DAMAN Daman and Diu INDIA 396210",Indian Non-Government Company
U25209DD2003PTC003271,GNXT TECHNOPLAST PRIVATE LIMITED,ACTIVE,Private,Company Limited by Shares,5000000,100000,08-07-03,Daman and Diu,RoC-Goa,"Manufacturing (Metals & Chemicals, and products thereof)","205, SABARI APARTMENT, 2ND FLOOR, BLDG NO.1 SURVEY NO. 387, DUNGR FALIO, KACHIGAM, DAMAN Daman and Diu INDIA 396210",Indian Non-Government Company
L27203DD1989PLC003240,TIME TECHNOPLAST LIMITED,ACTIVE,Public,Company Limited by Shares,325000000,210117750,12/20/1989,Daman and Diu,RoC-Goa,"Manufacturing (Metals & Chemicals, and products thereof)","OFFICE NO. 213, SABARIAPARTMENT, BUILDING NO. 1, SURVEY NO. 387,DUNGRI FALIA, KACHIGAM DAMAN UT Daman and Diu INDIA 396210",Indian Non-Government Company
U31200DD2003PLC003236,WIND WORLD (INDIA) LIMITED,ACTIVE,Public,Company Limited by Shares,240000000,72000000,5/22/2003,Daman and Diu,RoC-Goa,Manufacturing (Machinery & Equipments),"PLOT NO.33, DAMAN PATALIAROAD, BHIMPORE, DAMAN 396 210. DAMAN Daman and Diu INDIA",Indian Non-Government Company
U24246DD2003PTC003234,HEALTH AND BEAUTY CARE PRIVATE LIMITED,ACTIVE,Private,Company Limited by Shares,5000000,1000000,5/20/2003,Daman and Diu,RoC-Goa,"Manufacturing (Metals & Chemicals, and products thereof)",SR NO 168/ 31 32 & 42DABHEL INDUSTRIAL ESTATE DABHEL DAMAN UT Daman and Diu INDIA 396210,Indian Non-Government Company
U31200DD1989PLC003122,BLOSSOM INDUSTRIES LIMITED,ACTIVE,Public,Company Limited by Shares,150000000,110675100,08-10-89,Daman and Diu,RoC-Goa,Manufacturing (Machinery & Equipments),"VILLAGE JANI VANKAD,NANI DAMAN 396 210 (U.T.) NANI DAMAN 396 210 (U.T.) Daman and Diu INDIA",Indian Non-Government Company
U51909DD1996PLC003108,METAL LINK ALLOYS LIMITED,ACTIVE,Public,Company Limited by Shares,50000000,38942500,2/19/1996,Daman and Diu,RoC-Goa,Trading,"PLOT NO. 67, 68 AND 189/3(4/3B), PANCHAL UDYOG NAGAR, BHIMPORE NANI DAMAN Daman and Diu INDIA 396210",Indian Non-Government Company
U27101DD2002PTC003086,AVNISH METAL EXTRUSION PRIVATE LIMITED,ACTIVE,Private,Company Limited by Shares,2000000,100000,3/28/2002,Daman and Diu,RoC-Goa,"Manufacturing (Metals & Chemicals, and products thereof)",482/4 PLOT NO 14BEHIND DABHEL CHECK POST DABHEL DAMAN UT Daman and Diu INDIA 396210,Indian Non-Government Company
U72200DD2000PLC002846,WEBNET INFOWAYS LIMITED,ACTIVE,Public,Company Limited by Shares,10000000,9500000,04-10-00,Daman and Diu,RoC-Goa,Business Services,"NO. 2, PRAGATI SHOPPING CENTRENEELKANTH BUILDING, KAVI KHABARDAR MARG, DAMAN Daman and Diu INDIA 396210",Indian Non-Government Company
U40108DD2000PLC002842,WIND WORLD WIND FARMS (KARNATAKA) LIMITED,ACTIVE,Public,Company Limited by Shares,400000000,400000000,04-05-00,Daman and Diu,RoC-Goa,"Electricity, Gas & Water companies","PLOT NO.33,DAMAN PATALIA ROAD BHIMPORE, DAMAN Daman and Diu INDIA 396210",Indian Non-Government Company
U24244DD2000PTC002823,ORIENTAL FRAGRANCES AND FLAVOURS PRIVATE LIMITED,ACTIVE,Private,Company Limited by Shares,700000,700000,03-01-00,Daman and Diu,RoC-Goa,"Manufacturing (Metals & Chemicals, and products thereof)",PLOT NO. 48 & 50NEAR FIRE STATION GDDIDC DABHEL SOMNATH DAMAN (U.T) Daman and Diu INDIA 396210,Indian Non-Government Company
U25209DD2000PTC002790,PRINCE PLASTICS INDIA PRIVATE LIMITED,ACTIVE,Private,Company Limited by Shares,50000000,200000,01-12-00,Daman and Diu,RoC-Goa,"Manufacturing (Metals & Chemicals, and products thereof)",21/4 KACHIGAM ROADVILLAGE RINGANWADA NANI DAMAN DAMAN Daman and Diu INDIA 396210,Indian Non-Government Company
U25209DD1999PTC002782,PRINCE CONTAINERS PRIVATE LIMITED,ACTIVE,Private,Company Limited by Shares,30000000,30000000,12/21/1999,Daman and Diu,RoC-Goa,"Manufacturing (Metals & Chemicals, and products thereof)",PLOT NO 668/10(2) SOMNATHKACHIGAM ROAD NEAR DABHEL SUB-STATION NANI DAMAN DAMAN Daman and Diu INDIA 396210,Indian Non-Government Company
U36991DD1999PTC002772,CELLO PENS PRIVATE LIMITED,ACTIVE,Private,Company Limited by Shares,50000000,9550000,11/22/1999,Daman and Diu,RoC-Goa,Manufacturing (Others),"SURVEY NO. 318/1-A, NEAR GOVERNMENT HOSPITAL KACHIGAM VILLAGE, DAMAN AND DIU DAMAN Daman and Diu INDIA 396210",Indian Non-Government Company
U40109DD1999PTC002725,WIND WORLD WIND FARMS (KERALA) PRIVATE LIMITED,ACTIVE,Private,Company Limited by Shares,100000,100000,8/31/1999,Daman and Diu,RoC-Goa,"Electricity, Gas & Water companies","PLOT NO 33,DAMAN PATALIA ROAD BHIMPORE, DAMAN Daman and Diu INDIA 396210",Indian Non-Government Company
U40109DD1999PTC002724,WIND WORLD WIND FARMS (TAMILNADU) PRIVATE LIMITED,ACTIVE,Private,Company Limited by Shares,100000,100000,8/31/1999,Daman and Diu,RoC-Goa,"Electricity, Gas & Water companies",PLOT NO 33DAMAN PATALIA ROAD BHIMPORE DAMAN Daman and Diu INDIA 396210,Indian Non-Government Company
U51909DD1999PTC002706,LAXMIKA CONSUMER CARE PRIVATE LIMITED,ACTIVE,Private,Company Limited by Shares,9000000,4400000,07-07-99,Daman and Diu,RoC-Goa,Trading,"OFFICE NO.172, GR FLOOR RAJSHREE ENTERPRISES MOTI KOLIWAD, KANCHIGAM, NANI DAMAN DAMAN Daman and Diu INDIA 396215",Indian Non-Government Company
U31300DD1999PTC002689,PINNACLE REALTY PROJECTS PRIVATE LIMITED,ACTIVE,Private,Company Limited by Shares,50000000,1680000,5/18/1999,Daman and Diu,RoC-Goa,Manufacturing (Machinery & Equipments),PLOT NO 668/10(2)SOMNATH KACHIGAM ROAD NEAR DABHEL SUB STATION NANI DAMAN Daman and Diu INDIA 396210,Indian Non-Government Company
U02627DD1998PTC002627,HOTEL SEA VIEW PRIVATE LIMITED,ACTIVE,Private,Company Limited by Shares,40000000,32400000,11/19/1998,Daman and Diu,RoC-Goa,NA,TEENBATTI NANI DAMAN DAMAN Daman and Diu INDIA 396210,Indian Non-Government Company
U36991DD1998PTC002614,CELLO PENS AND STATIONERY PRIVATE LIMITED,ACTIVE,Private,Company Limited by Shares,50000000,50000000,10-12-98,Daman and Diu,RoC-Goa,Manufacturing (Others),"SURVEY NO.66, RINGANWADA DAMAN Daman and Diu INDIA 396210",Indian Non-Government Company
U74920DD1998PTC002583,COPS PROTECTION PRIVATE LIMITED,ACTIVE,Private,Company Limited by Shares,500000,102000,7/30/1998,Daman and Diu,RoC-Goa,Business Services,"OPP BUS STAND, SOMNATH DABHEL, DAMAN DAMAN Daman and Diu INDIA 396210",Indian Non-Government Company
U25209DD1997PTC002488,PRINCE MULTIPLAST PRIVATE LIMITED,ACTIVE,Private,Company Limited by Shares,150000000,92017550,12/15/1997,Daman and Diu,RoC-Goa,"Manufacturing (Metals & Chemicals, and products thereof)",PLOT NO. 668/10(2)SOMNATH KACHIGAM ROAD VILLAGE DABHEL NANI DAMAN Daman and Diu INDIA 396210,Indian Non-Government Company
U28122DD1997PTC002426,KRUNISH ENGINEERS AND FABRICATORS PRIVATE LIMITED,ACTIVE,Private,Company Limited by Shares,500000,440030,8/27/1997,Daman and Diu,RoC-Goa,"Manufacturing (Metals & Chemicals, and products thereof)",PLOT NO 135/136PANCHAL INDUSTRIAL ESTATE BHIMPORE DAMAN Daman and Diu INDIA 396210,Indian Non-Government Company
U25202DD1997PTC002368,BLOOM INDUSTRIAL PLASTICS PRIVATE LIMITED,ACTIVE,Private,Company Limited by Shares,500000,100000,6/26/1997,Daman and Diu,RoC-Goa,"Manufacturing (Metals & Chemicals, and products thereof)","BHARAT INDUSTRIAL ESTATE, PLOT NO. 94, BHIMPORE DAMAN DAMAN & DIU Daman and Diu INDIA 396210",Indian Non-Government Company
U32204DD1997PTC002339,SAI TELECOM LIMITED,ACTIVE,Public,Company Limited by Shares,10000000,2540000,05-12-97,Daman and Diu,RoC-Goa,Manufacturing (Machinery & Equipments),"106, AVKAR,ALGANI NAGAR, KALARIA, DAMAN Daman and Diu INDIA 396210",Indian Non-Government Company
U65923DD1997PLC002316,ASTRONOMICAL FINANCE LIMITED,ACTIVE,Public,Company Limited by Shares,10000000,570000,04-08-97,Daman and Diu,RoC-Goa,Finance,CO DAMODAR THREADS LTD 35DABHIL INDL COOP SOC DABHIL VILLAGE NANI DAMAN DAMAN Daman and Diu INDIA 396210,Indian Non-Government Company
U74950DD1997PTC002299,VRAJ PACKAGING PRIVATE LIMITED,ACTIVE,Private,Company Limited by Shares,37500000,37500000,3/17/1997,Daman and Diu,RoC-Goa,Business Services,"PLOT NO 71/1, 70/2-C and 24/5, VILLAGE KADAIYA NANI DAMAN Daman Daman and Diu INDIA 396210",Indian Non-Government Company
U65923DD1996PTC002181,KHEMANI FIN-STOCK PRIVATE LIMITED.,ACTIVE,Private,Company Limited by Shares,100000000,12001500,09-03-96,Daman and Diu,RoC-Goa,Finance,"RINGANWADA, KACHIGAM ROAD DAMAN Daman and Diu INDIA 396210",Indian Non-Government Company
U55101DD1996PTC002175,MIRAMAR RESORTS PRIVATE LIMITED.,ACTIVE,Private,Company Limited by Shares,10000000,100000,8/29/1996,Daman and Diu,RoC-Goa,Trading,HOTEL MIRAMARDEVKA BEACH DAMAN Daman and Diu INDIA 396210,Indian Non-Government Company
U74950DD1996PLC002159,INDU PACKAGING (DAMAN) LIMITED,ACTIVE,Public,Company Limited by Shares,60000000,6600000,8/19/1996,Daman and Diu,RoC-Goa,Business Services,PLOT NO16 GDDIC INDUSTRIALESTATE SOMNATH ROAD DAMAN DAMAN Daman and Diu INDIA 396210,Indian Non-Government Company
U24132DD1996PTC002145,TRANS POLYURETHANE PRIVATE LIMITED,ACTIVE,Private,Company Limited by Shares,85000000,35000000,08-01-96,Daman and Diu,RoC-Goa,"Manufacturing (Metals & Chemicals, and products thereof)",23BHARAT INDUSTRIAL ESTATE BHIMPORE DAMAN Daman and Diu INDIA 396210,Indian Non-Government Company
U33130DD1996PTC002139,CHINO CORPORATION INDIA PRIVATE LIMITED,ACTIVE,Private,Company Limited by Shares,210000000,125818000,07-12-96,Daman and Diu,RoC-Goa,Manufacturing (Machinery & Equipments),"CHINO HOUSE, 10, MAHARANI INDUSTRIAL ESTATE SOMNATH ROAD, DABHEL DAMAN Daman and Diu INDIA 396210",Indian Non-Government Company
U25201DD1996PTC002124,KETAN PLASTIC INDUSTRIES PRIVATE LIMITED,ACTIVE,Private,Company Limited by Shares,10000000,9625200,6/20/1996,Daman and Diu,RoC-Goa,"Manufacturing (Metals & Chemicals, and products thereof)",SURVEY NO 363(1)(13)SHREE GANESH INDUSTRIAL ESTATE KACHIGAON DAMAN Daman and Diu INDIA 396210,Indian Non-Government Company
U24232DD1995PTC001997,AGAM AND GEM LABORATORIES PRIVATE LIMITED,ACTIVE,Private,Company Limited by Shares,500000000,10000000,12/26/1995,Daman and Diu,RoC-Goa,"Manufacturing (Metals & Chemicals, and products thereof)",PLOT NO 5DAMAN INDUSTRIAL ESTATE SOMNATH ROAD DAMAN Daman and Diu INDIA 369210,Indian Non-Government Company
U70101DD1995PLC001973,SUPREME COMPANY LIMITED,ACTIVE,Public,Company Limited by Shares,110000000,56010000,11/16/1995,Daman and Diu,RoC-Goa,Real Estate and Renting,"PRAGATI SHOPPING CENTRE,NEELKANTH BUILDING, KAVI KHABARDAR MARG, DAMAN 396 210 Daman and Diu INDIA 396210",Indian Non-Government Company
U67120DD1995PLC001945,CRYSTAL EQUITIES LIMITED,ACTIVE,Public,Company Limited by Shares,10000000,4925000,10-10-95,Daman and Diu,RoC-Goa,Finance,C/O INDUSTRIAL CONTROLEQIPMENTS 362.1-C GANESH INDL. ESTATE KACHIGHAM DAMAN Daman and Diu INDIA 396210,Indian Non-Government Company
U36991DD1995PTC001821,CELLO WRITING INSTRUMENTS AND CONTAINERS PRIVATE LIMITED,ACTIVE,Private,Company Limited by Guarantee,5000000,3600000,3/31/1995,Daman and Diu,RoC-Goa,Manufacturing (Others),PLOT NO.D-7RINGANWADA O.I.D.C. DAMAN (U.T) DAMAN (U.T.) Daman and Diu INDIA,Indian Non-Government Company
U18101DD1995PTC001770,ABIAS EXPORTS PRIVATE LIMITED,ACTIVE,Private,Company Limited by Shares,3500000,100000,02-01-95,Daman and Diu,RoC-Goa,Manufacturing (Textiles),"2ND FLOOR, DHARMESHAPARTMENTS, TEEN BATTI, DEOKA ROAD, DAMAN. DAMAN Daman and Diu INDIA 396210",Indian Non-Government Company
U21029DD1995PTC001769,FABRICO PACKERS PRIVATE LIMITED,ACTIVE,Private,Company Limited by Shares,10000000,6750000,02-01-95,Daman and Diu,RoC-Goa,"Manufacturing (Paper & Paper products, Publishing, printing and reproduction of recorded media)","S.NO.57/3 (1) PART A, BHENSLORE, DUNETHA, NANI DAMAN Daman and Diu INDIA 396210",Indian Non-Government Company
U25209DD1994PLC001633,STALLION BREWERIES LIMITED,ACTIVE,Public,Company Limited by Shares,50000000,657000,7/27/1994,Daman and Diu,RoC-Goa,"Manufacturing (Metals & Chemicals, and products thereof)",BHARAT PIPES COMPOUND AIRPORTROAD NANI DAMAN DAMAN (U.T.) DAMAN Daman and Diu INDIA 396210,Indian Non-Government Company
U01122DD1994PLC001596,SHINGAR LIMITED,ACTIVE,Public,Company Limited by Shares,250000000,54066000,5/24/1994,Daman and Diu,RoC-Goa,Agriculture and Allied Activities,"Gala No. 08, Mahavir Industrial Estate, Somnath, Daman Daman and Diu INDIA 396210",Indian Non-Government Company
U25114DD1993PTC001437,TRIDENT RUBBER PRIVATE LIMITED,ACTIVE,Private,Company Limited by Shares,1000000,1000000,9/27/1993,Daman and Diu,RoC-Goa,"Manufacturing (Metals & Chemicals, and products thereof)",768/2 SOMNATH ROADDAMAN DAMAN U T OF DAMAN & DIU Daman and Diu INDIA 396210,Indian Non-Government Company
U15511DD1993PTC001431,KHEMANI DISTILLERIES PRIVATE LIMITED,ACTIVE,Private,Company Limited by Shares,50000000,11500000,09-09-93,Daman and Diu,RoC-Goa,Manufacturing (Food stuffs),"RINGANWADAKACHIGAM ROAD, DAMAN Daman and Diu INDIA 396210",Indian Non-Government Company
U24232DD1993PTC001384,NANDLAL BANKATLAL PRIVATE LIMITED,ACTIVE,Private,Company Limited by Shares,5000000,2450000,6/29/1993,Daman and Diu,RoC-Goa,"Manufacturing (Metals & Chemicals, and products thereof)","15B PRUTHVI , INDL COM , 15/2 RINGANWALA NANI DAMAN (U.T) DAMAN Daman and Diu INDIA 396210",Indian Non-Government Company
U74950DD1993PTC001373,ZEAL PACKAGING PRIVATE LIMITED,ACTIVE,Private,Company Limited by Shares,2500000,102000,6/17/1993,Daman and Diu,RoC-Goa,Business Services,"VILLAGE DALWADA,DEVKA TAIWAD ROAD NANI DAMAN DAMAN Daman and Diu INDIA 396210",Indian Non-Government Company
U26931DD1993PTC001315,KOSMOS GRANITE AND EXPORTS PRIVATE LIMITED,ACTIVE,Private,Company Limited by Shares,1500000,1075000,01-05-93,Daman and Diu,RoC-Goa,"Manufacturing (Metals & Chemicals, and products thereof)",SURVEY NO.361(8)SHREE GANESH IND. ESTATE KANCHIGAM DAMAN Daman and Diu INDIA 396210,Indian Non-Government Company
U25209DD1992PTC001310,ALLIED GLOBAL PLASTICS PRIVATE LIMITED,ACTIVE,Private,Company Limited by Shares,1500000,1500000,12/28/1992,Daman and Diu,RoC-Goa,"Manufacturing (Metals & Chemicals, and products thereof)","SURVEY NO. 361 PLOT NO. 9SHREE GANESH IND ESTATE KACHI GAON, DAMAN Daman and Diu INDIA 396210",Indian Non-Government Company
U25207DD1992PTC001304,NISSAN THERMOWARE PRIVATE LIMITED,ACTIVE,Private,Company Limited by Shares,2000000,2000000,12-01-92,Daman and Diu,RoC-Goa,"Manufacturing (Metals & Chemicals, and products thereof)",NISSAN HOUSESURVEY NO 378/2-B KACHIGAM NANI DAMAN DAMAN Daman and Diu INDIA 396210,Indian Non-Government Company
U25207DD1992PTC001303,VEEPLAST HOUSEWARE PRIVATE LIMITED,ACTIVE,Private,Company Limited by Shares,2500000,2400000,12-01-92,Daman and Diu,RoC-Goa,"Manufacturing (Metals & Chemicals, and products thereof)","SURVEY NO. 655/IDABHEL VILLAGE, NANIDAMAN, DAMAN- Daman and Diu INDIA 396210",Indian Non-Government Company
U25207DD1992PTC001251,CELLO HOUSEHOLD APPLIANCES PRIVATE LIMITED,ACTIVE,Private,Company Limited by Shares,8000000,8000000,07-08-92,Daman and Diu,RoC-Goa,"Manufacturing (Metals & Chemicals, and products thereof)","Plot No. 685/686/687 Somnath Road, Dabhel Daman Daman and Diu INDIA 396210",Indian Non-Government Company
U24246DD1992PTC001199,MILAN COSMETICS PRIVATE LIMITED,ACTIVE,Private,Company Limited by Shares,10000000,1425000,2/14/1992,Daman and Diu,RoC-Goa,"Manufacturing (Metals & Chemicals, and products thereof)",PLOT NO. 19 & 20SUPREME INDUSTRIAL ESTATE BHIMPORE NANI DAMAN DAMAN (U.T) Daman and Diu INDIA 396210,Indian Non-Government Company
U25209DD1998PTC001125,BHAVANA PLASTICS PRIVATE LIMITED,ACTIVE,Private,Company Limited by Shares,2500000,1302000,6/26/1998,Daman and Diu,RoC-Goa,"Manufacturing (Metals & Chemicals, and products thereof)","PLOT NO. 3, SURVEY NO. 7/1(3)GALI NO-2,VAPI DAMAN ROAD DABHEL NANI DAMAN DAMAN Daman and Diu INDIA 396210",Indian Non-Government Company
U25207DD1989PTC001012,DIVINE POLY PLASTICS PRIVATE LIMITED,ACTIVE,Private,Company Limited by Shares,1500000,1500000,12/14/1989,Daman and Diu,RoC-Goa,"Manufacturing (Metals & Chemicals, and products thereof)",SR.NO.656 PLOT NO 13B &14BSOMNATH KACHIGAM ROAD DABHEL DAMAN U/T Daman and Diu INDIA 396210,Indian Non-Government Company
U21029DD1988PTC000859,SPIREX PAPER CONVERSIONS PRIVATE LIMITED,ACTIVE,Private,Company Limited by Shares,500000,314500,09-07-88,Daman and Diu,RoC-Goa,"Manufacturing (Paper & Paper products, Publishing, printing and reproduction of recorded media)",PLOT NO 257/4DAMAN INDUSTRIAL ESTATE KACHIGAUM DAMAN Daman and Diu INDIA 396210,Indian Non-Government Company
U74899DD1993PLC004666,PSL CORROSION CONTROL SERVICES LIMITED,ACTIVE,Public,Company Limited by Shares,25000000,14000200,6/30/1993,Daman and Diu,RoC-Goa,Business Services,"Survey No. 377 / 2, Zari Causeway Road Kachigam Daman Daman and Diu INDIA 396210",Indian Non-Government Company
U72200DD2000PTC000153,21ST CENTURY ENTERTAINMENT PRIVATE LIMITED,ACTIVE,Private,Company Limited by Shares,1000000,100000,07-05-00,Daman and Diu,RoC-Goa,Business Services,"H/B-10,GURUDEV COMPLEX,IInd phase SILVASSA Daman and Diu INDIA",Indian Non-Government Company
U51109DD2005PTC004676,BAGHBAAN DISTRIBUTORS PRIVATE LIMITED,ACTIVE,Private,Company Limited by Shares,10000000,4700000,1/31/2005,Daman and Diu,RoC-Goa,Trading,"105, PUSHPANAJALI APARTMENT SAI KRUPA SOCIETY, NO. 4 AIRPORT ROAD NANI DAMAN Daman and Diu INDIA 396210",Indian Non-Government Company
U40108DD2005PTC004652,WIND WORLD WIND FARMS (TEMDARAI) PRIVATE LIMITED,ACTIVE,Private,Company Limited by Shares,190000000,179700000,11/14/2005,Daman and Diu,RoC-Goa,"Electricity, Gas & Water companies","PLOT NO. 33, DAMAN PATALIA ROAD, BHIMPORE, DAMAN DAMAN Daman and Diu INDIA 396210",Indian Non-Government Company
U51100DD2005PTC004674,INDIA ADVANTAGE COMMODITIES PRIVATE LIMITED,ACTIVE,Private,Company Limited by Shares,30000000,22000000,10/21/2005,Daman and Diu,RoC-Goa,Trading,"Shop no.19, Corner Point Daman Dabhel Road Nani Daman Daman and Diu INDIA 396210",Indian Non-Government Company
U40108DD2005PTC004653,WIND WORLD WIND FARMS (SAI) PRIVATE LIMITED,ACTIVE,Private,Company Limited by Shares,160000000,160000000,9/23/2005,Daman and Diu,RoC-Goa,"Electricity, Gas & Water companies","PLOT NO. 33, DAMAN PATALIA ROAD, BHIMPORE, DAMAN DAMAN Daman and Diu INDIA 396210",Indian Non-Government Company
U67120DD2005PTC004675,INDIA ADVANTAGE SECURITIES PRIVATE LIMITED,ACTIVE,Private,Company Limited by Shares,200000000,174585500,03-11-05,Daman and Diu,RoC-Goa,Finance,"Shop No.19, Corner Point, Daman Dabhel Road Nani Daman Daman and Diu INDIA 396210",Indian Non-Government Company
U17231DD1999PLC004705,DAMAN POLYTHREAD LIMITED,ACTIVE,Public,Company Limited by Shares,45000000,20365400,11-01-99,Daman and Diu,RoC-Goa,Manufacturing (Textiles),"PLOT NO.732-736, OPP-RINGANWADA GOVT-SCHOOL, VILLAGE : DABHEL, NANI DAMAN Daman and Diu INDIA 396210",Indian Non-Government Company
U51909DD2003PTC004684,TOTAL COMMODITIES (INDIA) PRIVATE LIMITED,ACTIVE,Private,Company Limited by Shares,25000000,17400000,9/15/2003,Daman and Diu,RoC-Goa,Trading,"Balasaheb P Daund,Prajapati Complex, Road No.10,Opp Ganesh Petroleum,Dhabel, Daman Daman and Diu INDIA 396210",Indian Non-Government Company
U67120DD2002PTC004739,NIRSHILP SECURITIES PRIVATE LIMITED,ACTIVE,Private,Company Limited by Shares,377050000,293900000,02-08-02,Daman and Diu,RoC-Goa,Finance,"Office No.141, Centre Point Somnath Daman Daman and Diu INDIA 396210",Indian Non-Government Company
U40100DD2000PTC004655,WIND WORLD WIND FARMS (MAHARANA PRATAP) PRIVATE LIMITED,ACTIVE,Private,Company Limited by Shares,100000,100000,03-03-00,Daman and Diu,RoC-Goa,"Electricity, Gas & Water companies","33, DAMAN PATALIA ROAD, BHIMPORE, DAMAN DAMAN Daman and Diu INDIA 396210",Indian Non-Government Company
U67120DD2000PLC004709,TOTAL SECURITIES LIMITED,ACTIVE,Public,Company Limited by Shares,100000000,48000000,01-11-00,Daman and Diu,RoC-Goa,Finance,"Balasaheb P Daund,Prajapati Complex, Road No.10,Opp Ganesh Petroleum,Dhabel, Daman Daman and Diu INDIA 396210",Indian Non-Government Company
U28129DD1999PTC004697,BHAGWAN PACKAGING INDUSTRIES PRIVATE LIMITED,ACTIVE,Private,Company Limited by Shares,2000000,1686300,4/29/1999,Daman and Diu,RoC-Goa,"Manufacturing (Metals & Chemicals, and products thereof)","Survey No. 203, Plot No. 3, Panchal Udyog Nagar, Bhimpore, Daman Daman and Diu INDIA 396210",Indian Non-Government Company
U25200DD1999PTC004710,NOVEX POLY FILMS PRIVATE LIMITED,ACTIVE,Private,Company Limited by Shares,1000000,510000,03-04-99,Daman and Diu,RoC-Goa,"Manufacturing (Metals & Chemicals, and products thereof)","1st FLOOR, PLOT NO.21, MODERN INDUSTRIAL ESTATE, KACHIGAM DAMAN Daman and Diu INDIA 396120",Indian Non-Government Company
U67120DD1993PTC004732,NIRPAN SECURITIES PRIVATE LIMITED,ACTIVE,Private,Company Limited by Shares,900000000,883725000,12-06-93,Daman and Diu,RoC-Goa,Finance,"OFFICE NO.141, CENTER POINT SOMNATH DAMAN Daman and Diu INDIA 396210",Indian Non-Government Company
L25209DD1992PLC004656,TPL PLASTECH LIMITED,ACTIVE,Public,Company Limited by Shares,100000000,78003000,9/30/1992,Daman and Diu,RoC-Goa,"Manufacturing (Metals & Chemicals, and products thereof)","213, SABARI, KACHIGAM Daman and Diu INDIA 396210",Indian Non-Government Company
U65990DD1988PTC004733,SHAILESH SHAH SECURITIES PRIVATE LIMITED,ACTIVE,Private,Company Limited by Shares,112500000,102500000,6/27/1988,Daman and Diu,RoC-Goa,Finance,"OFFICE NO.141, CENTRE POINT SOMNATH DAMAN Daman and Diu INDIA 396210",Indian Non-Government Company
U51909DD2004PTC004752,TRADEBULLS COMMODITIES BROKING PRIVATE LIMITED,ACTIVE,Private,Company Limited by Shares,5500000,5500000,5/24/2004,Daman and Diu,RoC-Goa,Trading,"Flat No. 304, ""SAI NIVAS-C"" Kathiria Daman and Diu INDIA 396210",Indian Non-Government Company
U67120DD2000PTC004748,AFFLUENCE SHARES AND STOCKS PRIVATE LIMITED,ACTIVE,Private,Company Limited by Shares,100000000,50000000,1/21/2000,Daman and Diu,RoC-Goa,Finance,"SHOP NO. 15, SHANTINIKETAN BUILDING, KEVDI FALIA, DABHEL, NANI DAMAN, DAMAN Daman and Diu INDIA 396210",Indian Non-Government Company
L25209DD1985PLC004694,FIBERWEB (INDIA) LIMITED,ACTIVE,Public,Company Limited by Shares,200000000,109930930,10/22/1985,Daman and Diu,RoC-Goa,"Manufacturing (Metals & Chemicals, and products thereof)","AIRPORT ROAD, KADAIYA VILLAGE, NANI DAMAN, DAMAN Daman and Diu INDIA 396210",Indian Non-Government Company
U31909DD1998PLC004665,NED ENERGY LIMITED,ACTIVE,Public,Company Limited by Shares,325000000,65806450,12-11-98,Daman and Diu,RoC-Goa,Manufacturing (Machinery & Equipments),"213, SABARI KACHGAM Daman and Diu INDIA 396210",Indian Non-Government Company
U31200DD1988PTC000860,SUPRAPTI PACKAGING PRIVATE LIMITED,UNDER PROCESS OF STRIKING OFF,Private,Company Limited by Shares,"1,000,000.00",NA,09-09-88,Daman and Diu,RoC-Goa,Manufacturing (Machinery & Equipments),"A-3/18, DAMAN INDUSTRIALESTATE, SOMNATH ROAD DAMAN 396 210 396 210 Daman and Diu INDIA",Indian Non-Government Company
U17111DD1987PTC000706,SHAH THREADS PRIVATE LIMITED,UNDER PROCESS OF STRIKING OFF,Private,Company Limited by Shares,"1,000,000.00","2,000.00",30-01-87,Daman and Diu,RoC-Goa,Manufacturing (Textiles),AVKAR BUILDING FLAT NO 1011ST FLOOR OPP KALIVIA CHECK POST SOMNATH ROAD DAMAN Daman and Diu INDIA 396210,Indian Non-Government Company
U18209DD1986PTC000694,KRISHNA LEATHER INDUSTRIES PRIVATE LIMITED,UNDER PROCESS OF STRIKING OFF,Private,Company Limited by Shares,"2,500,000.00","1,570,000.00",07-10-86,Daman and Diu,RoC-Goa,Manufacturing (Textiles),KRISHNA KUNJ5TH OCTOBER ROAD DAMAN DAMAN (U T) Daman and Diu INDIA 396210,Indian Non-Government Company
U36101DD1984PTC000565,SHREE SATYANARAYAN WOOD WORKS PRIVATE LIMITED,UNDER PROCESS OF STRIKING OFF,Private,Company Limited by Shares,"100,000.00","21,000.00",27-03-84,Daman and Diu,RoC-Goa,Manufacturing (Others),"JAIN STREET, DAMAN DAMAN Daman and Diu INDIA 396210",Indian Non-Government Company
U27109DD1982PTC000496,STEEL MECH (GOA) PRIVATE LIMITED,UNDER PROCESS OF STRIKING OFF,Private,Company Limited by Shares,"100,000.00",NA,10-08-82,Daman and Diu,RoC-Goa,"Manufacturing (Metals & Chemicals, and products thereof)",A 3/6DAMAN INDUSTRIAL ESTATE SOMNATH ROAD DAMAN Daman and Diu INDIA 396210,Indian Non-Government Company
U00329DD1975PLC000243,REMS AUTO ENGINEERS LIMITED,UNDER PROCESS OF STRIKING OFF,Public,Company Limited by Shares,"1,000,000.00",NA,06-09-75,Daman and Diu,RoC-Goa,NA,"A2-4, DAMAN INDUSTRIAL ESTATE,DAMAN. DAMAN. Daman and Diu INDIA",Indian Non-Government Company
U00200DD1975PTC000241,DAMAN AUTO INDUSTRIES PRIVATE LIMITED,UNDER PROCESS OF STRIKING OFF,Private,Company Limited by Shares,"1,000,000.00",NA,06-09-75,Daman and Diu,RoC-Goa,NA,"A2-4, DAMAN INDUSTRIAL ESTATE,DAMAN. DAMAN. Daman and Diu INDIA",Indian Non-Government Company
U65993DD1994PTC001566,HEMAVIN HOLDINGS PRIVATE LIMITED,UNDER PROCESS OF STRIKING OFF,Private,Company Limited by Shares,"1,000,000.00","825,200.00",15-04-94,Daman and Diu,RoC-Goa,Finance,"ROSHAN MANZIL,1ST FLOOR, NANI DAMAN Daman and Diu INDIA 396210",Indian Non-Government Company
U00360DD1994PLC001532,ANCHOR ELECTRICALS LIMITED,UNDER PROCESS OF STRIKING OFF,Public,Company Limited by Shares,"10,000,000.00",NA,22-02-94,Daman and Diu,RoC-Goa,NA,"SUPREME INDUSTRIAL ESTATE,PLOT NO.4, PATALIA ROAD, BHIMPORE, DAMAN. 396 210. BHIMPORE, DAMAN. 396 210. Daman and Diu INDIA",Indian Non-Government Company
U55101DD1993PTC001477,SAHIL HOTELS AND INVESTMENTS PRIVATE LIMITED,UNDER PROCESS OF STRIKING OFF,Private,Company Limited by Shares,"500,000.00","2,000.00",26-11-93,Daman and Diu,RoC-Goa,Trading,PLOT NO 88/25 & 26MOTI DAMAN DAMAN&DIU Daman and Diu INDIA,Indian Non-Government Company
U01390DD1993PTC001390,SUNIT LABELS PRIVATE LIMITED,UNDER PROCESS OF STRIKING OFF,Private,Company Limited by Shares,"2,500,000.00","4,000.00",08-07-93,Daman and Diu,RoC-Goa,NA,T/8 PRAGATI INDUSTRIALESTATE OPP 66 KVA STATION SILVASA Daman and Diu INDIA 396230,Indian Non-Government Company
U17119DD1978PTC000006,DOSHI LEATHER CLOTH MANUFACTURING CO.PRIVATE LIMITED,UNDER PROCESS OF STRIKING OFF,Private,Company Limited by Shares,"100,000.00",NA,17-04-78,Daman and Diu,RoC-Goa,Manufacturing (Textiles),"46A-47A, INDUSTRIAL ESTATE,SILVASSA DADRA NAGAR HAVELI. Daman and Diu INDIA",Indian Non-Government Company
U51223DD2004PTC003460,SONAL AQUACULTURE PRIVATE LIMITED,UNDER PROCESS OF STRIKING OFF,Private,Company Limited by Shares,"100,000.00","100,000.00",13-04-04,Daman and Diu,RoC-Goa,Trading,H NO 1528KHARVAWAD VANKBARA DIU Daman and Diu INDIA 396210,Indian Non-Government Company
U00304DD2003PTC003307,SOFTECH PHARMA PRIVATE LIMITED,UNDER PROCESS OF STRIKING OFF,Private,Company Limited by Shares,"10,000,000.00",NA,10-10-03,Daman and Diu,RoC-Goa,NA,"SURVEY NO. 708/6,SOMNATH ROAD, BEHIND SOMNATH TEMPLE, DABHEL, NANI DAMAN 396 215 Daman and Diu INDIA",Indian Non-Government Company
U01122DD1989PTC003248,GURU SYNTHETICS PRIVATE LIMITED,UNDER PROCESS OF STRIKING OFF,Private,Company Limited by Shares,"5,000,000.00","5,000,000.00",05-12-89,Daman and Diu,RoC-Goa,Agriculture and Allied Activities,"SURVEY NO. 757/7& 8,VILLAGE DABHEL, DAMAN (U.T.) Daman and Diu INDIA",Indian Non-Government Company
U52206DD1999PTC002649,CRYSTAL COOL PRIVATE LIMITED,UNDER PROCESS OF STRIKING OFF,Private,Company Limited by Shares,"100,000.00",200,19-01-99,Daman and Diu,RoC-Goa,Trading,HOUSE NO 558PILIMBI VADDO SIOLIM BARDEZ GOA Daman and Diu INDIA,Indian Non-Government Company
U02582DD1998PTC002582,JACCUZI PHARMA AND DRUGS PRIVATE LIMITED,UNDER PROCESS OF STRIKING OFF,Private,Company Limited by Shares,"10,000,000.00","100,000.00",30-07-98,Daman and Diu,RoC-Goa,NA,"OPP. BUS STAND,SOMNATH DABHEL DAMAN Daman and Diu INDIA 396210",Indian Non-Government Company
U02551DD1998PTC002551,SALT REFINERS AND PROJECT SERVICES PRIVATE LIMITED,UNDER PROCESS OF STRIKING OFF,Private,Company Limited by Shares,"100,000.00","2,000.00",28-04-98,Daman and Diu,RoC-Goa,NA,DAMAN Daman and Diu INDIA 396210,Indian Non-Government Company
U02545DD1998PTC002545,MAGNUM PORT AND TECHNICAL SERVICES PRIVATE LIMITED,UNDER PROCESS OF STRIKING OFF,Private,Company Limited by Shares,"100,000.00",200,01-04-98,Daman and Diu,RoC-Goa,NA,HOTEL S K AGARWALAASHIRWAD COMPLEX SEA FACE ROAD NANI DAMAN DAMAN U T Daman and Diu INDIA,Indian Non-Government Company
U02246DD1997PTC002246,CONSOLIDATED DISTRIBUTORS PRIVATE LIMITED,UNDER PROCESS OF STRIKING OFF,Private,Company Limited by Shares,"10,000,000.00","4,750,000.00",06-01-97,Daman and Diu,RoC-Goa,NA,"SURVEY NO 52/1 52/2 DAMANINDUSTRIAL ESTATENEAR JAISHIN WIRE KADAYA, DISTBHIMPOR DAMAN (U T) Daman and Diu INDIA 396210",Indian Non-Government Company
U02060DD1996PTC002060,ADVANCE SYSTEMS TECHNOLOGY PRIVATE LIMITED,UNDER PROCESS OF STRIKING OFF,Private,Company Limited by Shares,"500,000.00","5,000.00",11-03-96,Daman and Diu,RoC-Goa,NA,"A/1/1, GDDIDC INDUSTRIALESTATE, DAMAN DAMAN (VIA VAPI) Daman and Diu INDIA 396210",Indian Non-Government Company
U52321DD1996PTC002009,DAYITA MERCANTILE PRIVATE LIMITED,UNDER PROCESS OF STRIKING OFF,Private,Company Limited by Shares,"100,000.00",NA,09-01-96,Daman and Diu,RoC-Goa,Trading,139ANDRUL INDUSTRIAL ESTATE SILVASSA DAMAN Daman and Diu INDIA 396210,Indian Non-Government Company
U67120DD1996PTC002008,KUNTAL SHAREBROKERS PRIVATE LIMITED,UNDER PROCESS OF STRIKING OFF,Private,Company Limited by Shares,"100,000.00",NA,09-01-96,Daman and Diu,RoC-Goa,Finance,139ANDRUL INDUSTRIAL ESTATE SILVASSA DAMAN Daman and Diu INDIA 396210,Indian Non-Government Company
U15141DD1995PLC001975,METRO OIL MANUFACTURING LIMITED,UNDER PROCESS OF STRIKING OFF,Public,Company Limited by Shares,"1,000,000.00","4,000.00",24-11-95,Daman and Diu,RoC-Goa,Manufacturing (Food stuffs),106 AVKARALGANI NAGAR KALARIA DAMAN (U.T.) Daman and Diu INDIA,Indian Non-Government Company
U00367DD1995PTC001943,ACMA COMPUTERS PRIVATE LIMITED,UNDER PROCESS OF STRIKING OFF,Private,Company Limited by Shares,"500,000.00",NA,10-10-95,Daman and Diu,RoC-Goa,NA,"OPP. RASMITILES,VAPI DAMAN ROAD, DABHEL, DAMAN. DABHEL, DAMAN. Daman and Diu INDIA",Indian Non-Government Company
U36101DD1995PTC001941,UNEX EXPORTS PRIVATE LIMITED,UNDER PROCESS OF STRIKING OFF,Private,Company Limited by Shares,"5,000,000.00","5,000,000.00",09-10-95,Daman and Diu,RoC-Goa,Manufacturing (Others),130 HOTEL SUN N SEAMAIN ROAD NANI DAMAN DAMAN (U.T.) Daman and Diu INDIA 396210,Indian Non-Government Company
U00330DD1995PLC001901,ETCETRA LIFESTYLE LIMITED,UNDER PROCESS OF STRIKING OFF,Public,Company Limited by Shares,"5,000,000.00",NA,20-07-95,Daman and Diu,RoC-Goa,NA,"PLOT SURVEY NO: 375/10KACHIGAM VILLAGE,KACHIGAM ZARY CAUSEWAY ROAD, NANI DAMAN-396 210. Daman and Diu INDIA",Indian Non-Government Company
U63040DD1994PTC001809,JANAK SHIPPING PRIVATE LIMITED,UNDER PROCESS OF STRIKING OFF,Private,Company Limited by Shares,"1,000,000.00",200,24-02-94,Daman and Diu,RoC-Goa,"Transport, storage and Communications","108, AVAKAR, ALGANI NAGAR,KALARIA, DAMAN (U.T.). Daman and Diu INDIA",Indian Non-Government Company
U65993DD1995PTC001791,JALPA HOLDINGS PRIVATE LIMITED,UNDER PROCESS OF STRIKING OFF,Private,Company Limited by Shares,"100,000.00","47,200.00",01-03-95,Daman and Diu,RoC-Goa,Finance,"5, ROSHAN MAHAL,1ST FLOOR, NANI DAMAN, DAMAN 396 210 Daman and Diu INDIA 396210",Indian Non-Government Company
U65993DD1995PTC001790,VIJAY HOLDINGS PRIVATE LIMITED,UNDER PROCESS OF STRIKING OFF,Private,Company Limited by Shares,"100,000.00","100,000.00",01-03-95,Daman and Diu,RoC-Goa,Finance,"5, ROSHAN MANZIL,1ST FLOOR, NANI DAMAN, DAMAN Daman and Diu INDIA 396210",Indian Non-Government Company
U67120DD1994PLC001742,WORLDWIDE CAPITAL MARKETS LIMITED,UNDER PROCESS OF STRIKING OFF,Public,Company Limited by Shares,"40,000,000.00","9,950,000.00",23-12-94,Daman and Diu,RoC-Goa,Finance,"336/2, KACHIGRAM, GROUND, DAMAN Daman and Diu INDIA 396210",Indian Non-Government Company
U19201DD1991PTC001107,SHAH SHOE MAC PRIVATE LIMITED,UNDER PROCESS OF STRIKING OFF,Private,Company Limited by Shares,"1,200,000.00",200,11-01-91,Daman and Diu,RoC-Goa,Manufacturing (Leather & products thereof),482/16 LAXMI INDESTATE NANI DAMAN Daman and Diu INDIA 396210,Indian Non-Government Company
U74950DD1988PTC000827,TIN PACK PRIVATE LIMITED,UNDER PROCESS OF STRIKING OFF,Private,Company Limited by Shares,"5,000,000.00","4,732,200.00",03-06-88,Daman and Diu,RoC-Goa,Business Services,A-3/12INDUSTRIAL ESTATE SOMNATH ROAD DAMAN Daman and Diu INDIA 396210,Indian Non-Government Company
U26103DD1998PTC002530,SIPRA REMEDIES PRIVATE LIMITED,UNDER LIQUIDATION,Private,Company Limited by Shares,"35,000,000.00","30,725,000.00",24-02-98,Daman and Diu,RoC-Goa,"Manufacturing (Metals & Chemicals, and products thereof)","PLOT NO 688/4 , SIDDHIVINAYAK IND ESTATE SOMNATH ROAD , DAMAN (U.T) Daman and Diu INDIA 396210",Indian Non-Government Company
U51909DD1995PLC001944,CRYSTAL EXIM LIMITED,UNDER LIQUIDATION,Public,Company Limited by Shares,"10,000,000.00","5,000,000.00",10-10-95,Daman and Diu,RoC-Goa,Trading,INDUSTRIAL CONTROLEQUIPMENT 362/ 1-C GANESH IMDL ESTATE KACHIGHAM DAMAN DAMAN GOA Daman and Diu INDIA 396210,Indian Non-Government Company
U55101DD2011PTC004691,OM SAI SHRADDHA HOSPITALITY PRIVATE LIMITED,STRIKE OFF,Private,Company Limited by Shares,"500,000.00","100,000.00",15-02-11,Daman and Diu,RoC-Goa,Trading,"HOUSE NO.12/343 DAGI NIWAS, OPP.MARWAD HOSPITAL,MARWAD DAMAN Daman and Diu INDIA 396210",Indian Non-Government Company
U70100DD2007PTC004657,SMIT (DAMAN) ESTATES PRIVATE LIMITED,STRIKE OFF,Private,Company Limited by Shares,"100,000.00",NA,30-07-07,Daman and Diu,RoC-Goa,Real Estate and Renting,"S.NO.298, KATHIRIA, AIRPORT ROAD, NANI DAMAN Daman and Diu INDIA 396210",Indian Non-Government Company
U10102DD2006PTC004651,BIO COAL ENERGY PRIVATE LIMITED,STRIKE OFF,Private,Company Limited by Shares,"100,000.00","100,000.00",28-12-06,Daman and Diu,RoC-Goa,Mining & Quarrying,"HOUSE NO. - 1101, MAYAVANSHI FALIA, AMBICA NAGAR, DUNETHA, NANI DAMAN Daman and Diu INDIA 396210",Indian Non-Government Company
U00313DD1982PTC000517,KHIVRAJ METALS PRIVATE LIMITED,STRIKE OFF,Private,Company Limited by Shares,"100,000.00",NA,31-12-82,Daman and Diu,RoC-Goa,NA,"A-2/7, DAMAN INDUSTRIALESTATE, SOMNATH ROAD, DAMAN. DAMAN. Daman and Diu INDIA",Indian Non-Government Company
U00284DD1982PTC000495,M.R.CLOSURES PRIVATE LIMITED,STRIKE OFF,Private,Company Limited by Shares,"100,000.00",NA,10-08-82,Daman and Diu,RoC-Goa,NA,A 2/7 DAMAN INDUSTRIAL ESTATESOMNATH ROAD DAMAN. Daman and Diu INDIA,Indian Non-Government Company
U29191DD1982PTC000477,TECHMEN INDUSTRIES PRIVATE LIMITED,STRIKE OFF,Private,Company Limited by Shares,"100,000.00","100,000.00",20-03-82,Daman and Diu,RoC-Goa,Manufacturing (Machinery & Equipments),PLOT NO 371/1/(1) B-1041ST FLOOR NUPUR INDUSTRIAL ESTATE KACHIGAM ROAD DAMAN (UT) Daman and Diu INDIA 396210,Indian Non-Government Company
U00304DD1979PTC000367,SPARTACUS PHARMACEUTICALS PRIVATE LIMITED,STRIKE OFF,Private,Company Limited by Shares,"500,000.00",NA,28-05-79,Daman and Diu,RoC-Goa,NA,"VARKUND SUNNAT VAL JAMMATKHADAKI VAD NEAR TAXI STAND, NANI DAMAN, Daman and Diu INDIA",Indian Non-Government Company
U15124DD2004PTC003440,MAHALAXMI AQUACULTURE PRIVATE LIMITED,STRIKE OFF,Private,Company Limited by Shares,"100,000.00","100,000.00",25-03-04,Daman and Diu,RoC-Goa,Manufacturing (Food stuffs),H NO 2867KHAJURIA STREET VANAKBARA DIU (UT) Daman and Diu INDIA 362520,Indian Non-Government Company
U24118DD2004PTC003392,SURYA CHEM DAMAN INDIA PRIVATE LIMITED,STRIKE OFF,Private,Company Limited by Shares,"500,000.00","400,000.00",16-02-04,Daman and Diu,RoC-Goa,"Manufacturing (Metals & Chemicals, and products thereof)",52 BHARAT INDUSTRIAL AREAVILLAGE BHIMPUR DAMAN (UT) DAMAN Daman and Diu INDIA 396210,Indian Non-Government Company
U67190DD1999PTC002678,PRIMECOUNSEL PRIVATE LIMITED,STRIKE OFF,Private,Company Limited by Shares,"100,000.00","2,000.00",07-04-99,Daman and Diu,RoC-Goa,Finance,ROSHAN MANZILFIRST FLOOR DAMAN DAMAN Daman and Diu INDIA 396210,Indian Non-Government Company
U15201DD1995PLC001781,TRANS DAIRY PRODUCTS LIMITED,STRIKE OFF,Public,Company Limited by Shares,"1,000,000.00",700,20-02-95,Daman and Diu,RoC-Goa,Manufacturing (Food stuffs),23 BHARAT INDUSTRIAL ESTATEBHIMPORE DAMAN Daman and Diu INDIA 396321,Indian Non-Government Company
U02001DD1995PLC001780,TRANS ORCHARDS LIMITED,STRIKE OFF,Public,Company Limited by Shares,"500,000.00","1,000.00",20-02-95,Daman and Diu,RoC-Goa,Agriculture and Allied Activities,23 BHARAT INDUSTRIAL ESTATEBHIMPORE DAMAN DAMAN Daman and Diu INDIA,Indian Non-Government Company
U65910DD1994PLC001688,TRANS INVESTMENT AND FINANCIAL LIMITED,STRIKE OFF,Public,Company Limited by Shares,"2,500,000.00","1,000.00",31-10-94,Daman and Diu,RoC-Goa,Finance,23 BHARAT INDUSTRIAL ESTATEBHIMPORE DAMAN U T Daman and Diu INDIA 396210,Indian Non-Government Company
U15139DD1994PLC001686,TRANS FROZEN FOODS LIMITED,STRIKE OFF,Public,Company Limited by Shares,"2,500,000.00",100,31-10-94,Daman and Diu,RoC-Goa,Manufacturing (Food stuffs),23 BHARATINDUSTRIAL ESTATE BHIMPORE DAMAN (UT) Daman and Diu INDIA,Indian Non-Government Company
U18101DD1994PLC001659,LA-ARIJO ATTIRE MANUFACTURERS LIMITED,STRIKE OFF,Public,Company Limited by Shares,"60,000,000.00","17,605,000.00",23-09-94,Daman and Diu,RoC-Goa,Manufacturing (Textiles),"2/4, GOLDEN INDUSTRIAL ESTATE, SOMNATH ROAD, DAMAN DAMAN Daman and Diu INDIA",Indian Non-Government Company
U15511DD1994PTC001607,ROLEX DISTILLERIES PRIVATE LIMITED,STRIKE OFF,Private,Company Limited by Shares,"5,000,000.00",200,16-06-94,Daman and Diu,RoC-Goa,Manufacturing (Food stuffs),9 KANIYAKUMARISARVODAYA SOCIETY TIN PATTI NANI DAMAN Daman and Diu INDIA,Indian Non-Government Company
U00006DD1971PTC000120,UMESH FISHERIES PRIVATE LIMITED,STRIKE OFF,Private,Company Limited by Shares,"265,000.00",NA,18-06-71,Daman and Diu,RoC-Goa,NA,"MAIN ROAD, DAMAN,VIA VAPI. VIA VAPI. Daman and Diu INDIA",Indian Non-Government Company
U23201DD2004PTC003571,ABHAY PETRO MARKETING PRIVATE LIMITED,STRIKE OFF,Private,Company Limited by Shares,"1,500,000.00","100,000.00",06-08-04,Daman and Diu,RoC-Goa,"Manufacturing (Metals & Chemicals, and products thereof)","9,VIVEK JETTY ROAD DAMAN Daman and Diu INDIA 396210",Indian Non-Government Company
U51223DD2004PTC003462,RATNAKAR SHRIMPS PRIVATE LIMITED,STRIKE OFF,Private,Company Limited by Shares,"100,000.00","100,000.00",13-04-04,Daman and Diu,RoC-Goa,Trading,H NO 11 383KOLIMAR STREET NANI DAMAN DAMAN Daman and Diu INDIA 396210,Indian Non-Government Company
U51223DD2004PTC003461,TIRUPATI AQUACULTURE PRIVATE LIMITED,STRIKE OFF,Private,Company Limited by Shares,"100,000.00","100,000.00",13-04-04,Daman and Diu,RoC-Goa,Trading,"H. NO. 8/211, PARKOTA STREET NANI DAMAN Daman and Diu INDIA 396210",Indian Non-Government Company
U51909DD2002PTC003107,UBIQUTOUS TRADELINK PRIVATE LIMITED,STRIKE OFF,Private,Company Limited by Shares,"300,000.00","200,000.00",12-06-02,Daman and Diu,RoC-Goa,Trading,"78/1/2, DAMAN INDUSTRIALESTATE, KADAYA, NANI DAMAN DAMAN Daman and Diu INDIA 396210",Indian Non-Government Company
U52311DD1999PTC002751,JUGGIN TRADING PRIVATE LIMITED,STRIKE OFF,Private,Company Limited by Shares,"500,000.00","500,000.00",14-10-99,Daman and Diu,RoC-Goa,Trading,SHIVAM COMPLEX BUILDING NO 1SHOP NO A/5 DUNETHA ROAD DAMAN Daman and Diu INDIA 396210,Indian Non-Government Company
U24246DD1999PTC002661,YASH COSMETICS PRIVATE LIMITED,STRIKE OFF,Private,Company Limited by Shares,"500,000.00","2,000.00",22-02-99,Daman and Diu,RoC-Goa,"Manufacturing (Metals & Chemicals, and products thereof)",10-A GREEN PARKCOLLEGE ROAD DUNETHA NAKA NANI DAMAN DAMAN (U T) Daman and Diu INDIA 396210,Indian Non-Government Company
U00313DD1997PTC002474,CREATIVE PLASTICS PRIVATE LIMITED,STRIKE OFF,Private,Company Limited by Shares,"44,000.00",NA,04-12-97,Daman and Diu,RoC-Goa,NA,"NATIONAL HOUSE,SOMNATH ROAD, DANJEL, NANI DAMAN DAMAN (U.T.) Daman and Diu INDIA",Indian Non-Government Company
U00355DD1996PLC002209,TRANS CONSUMER PRODUCTS LIMITED.,STRIKE OFF,Public,Company Limited by Shares,"2,500,000.00",NA,25-10-96,Daman and Diu,RoC-Goa,NA,"23, BHARAT INDUSTRIAL ESTATE,BHIMPORE, DAMAN DAMAN Daman and Diu INDIA",Indian Non-Government Company
U92132DD1996PLC002208,TRANS TELE FILMS LIMITED,STRIKE OFF,Public,Company Limited by Shares,"2,500,000.00","1,000.00",25-10-96,Daman and Diu,RoC-Goa,"Community, personal & Social Services",23 BHARAT INDUSTRIAL ESTATEBHIMPORE DAMAN DAMAN Daman and Diu INDIA,Indian Non-Government Company
U00370DD1996PTC002164,VIKING INDUSTRIAL PRODUCTS PRIVATE LIMITED,STRIKE OFF,Private,Company Limited by Shares,"3,000,000.00",NA,20-08-96,Daman and Diu,RoC-Goa,NA,SHAKTI MAHALOPP. HOTEL MIRAMAR DAMAN Daman and Diu INDIA,Indian Non-Government Company
U36993DD1996PLC002129,SOLARIS COSMETICS LIMITED,STRIKE OFF,Public,Company Limited by Shares,"1,000,000.00","553,000.00",02-07-96,Daman and Diu,RoC-Goa,Manufacturing (Others),13/710/C SHREEJI KRUPAWAD CHOWKY VAPI DAMAN ROAD DAMAN Daman and Diu INDIA 396210,Indian Non-Government Company
U26104DD1996PTC002023,DAMAN CHEMI PLANT EQUIPMENTS PRIVATE LIMITED,STRIKE OFF,Private,Company Limited by Shares,"2,500,000.00","100,000.00",02-02-96,Daman and Diu,RoC-Goa,"Manufacturing (Metals & Chemicals, and products thereof)",78/1 DAMAN INDUSTRIAL ESTATEVILLAGE KADAIYA NANI DAMAN DAMAN (U.T.) Daman and Diu INDIA 396210,Indian Non-Government Company
U71230DD1995PLC001813,ANJANEY IMPEX AND SECURITIES LIMITED,STRIKE OFF,Public,Company Limited by Shares,"50,000,000.00","7,000.00",27-03-95,Daman and Diu,RoC-Goa,Real Estate and Renting,INDUSTRIAL ESTATEMALALA DIU (U T) Daman and Diu INDIA 362520,Indian Non-Government Company
U31101DD1995PTC001793,POWER PROJECTS (INDIA) PRIVATE LIMITED,STRIKE OFF,Private,Company Limited by Shares,"500,000.00",200,02-03-95,Daman and Diu,RoC-Goa,Manufacturing (Machinery & Equipments),SAINATH SAW MILL COMPOUNDKHARI WADI DAMAN VAPI MAIN ROAD NANI DAMAN Daman and Diu INDIA 396210,Indian Non-Government Company
U25209DD1995PLC001763,FUSION BHARAT LIMITED,STRIKE OFF,Public,Company Limited by Shares,"10,000,000.00","58,000.00",27-01-95,Daman and Diu,RoC-Goa,"Manufacturing (Metals & Chemicals, and products thereof)",BHARAT PIPES COMPOUNDAIRPORT ROAD NANI DAMAN DAMAN Daman and Diu INDIA 396210,Indian Non-Government Company
U00894DD1993PTC001372,OTTO TECNO CONSULTANTS PRIVATE LIMITED,STRIKE OFF,Private,Company Limited by Shares,"100,000.00",NA,15-06-93,Daman and Diu,RoC-Goa,NA,"H.NO.DCM-8-323,NEAR OLDTELEPHONE EXCHANGE, NANI DAMAN-396 210. Daman and Diu INDIA",Indian Non-Government Company
U51432DD1993PTC001371,ANJALI TRADING PRIVATE LIMITED,STRIKE OFF,Private,Company Limited by Shares,"2,500,000.00","102,000.00",15-06-93,Daman and Diu,RoC-Goa,Trading,VILLAGE KADAIYAPOST BHIMPORE NANI DAMAN Daman and Diu INDIA 396210,Indian Non-Government Company
U74950DD1992PLC001293,GLOBE PLAST INDUSTRIES LIMITED.,STRIKE OFF,Public,Company Limited by Shares,"10,000,000.00","500,000.00",21-10-92,Daman and Diu,RoC-Goa,Business Services,"PLOT NO.6,7,8,9 SURVEY NO.482 NEAR DABHEL CHECK POST, DAMAN. DAMAN. Daman and Diu INDIA",Indian Non-Government Company
U00364DD1992PLC001265,CELLO APPLIANCES LIMITED.,STRIKE OFF,Public,Company Limited by Shares,"5,000,000.00",NA,11-08-92,Daman and Diu,RoC-Goa,NA,"PLOT NO. 717/1,2,3,SOMNATH ROAD, DHABEL, DAMAN (UT) 396210. Daman and Diu INDIA",Indian Non-Government Company
U00221DD1992PTC001263,KRIMPI DISTILLERY PRIVATE LIMITED,STRIKE OFF,Private,Company Limited by Shares,"2,500,000.00",NA,06-08-92,Daman and Diu,RoC-Goa,NA,"KRIMPI DISTILLERY,PLOT NO. 34,36 SUPREME INDUSTRIAL ESTATE, BHIMPORE NANI DAMAN. Daman and Diu INDIA",Indian Non-Government Company
U00204DD1992PLC001232,DAMAN AGRO FOODS LIMITED.,STRIKE OFF,Public,Company Limited by Shares,"10,000,000.00",NA,11-05-92,Daman and Diu,RoC-Goa,NA,"757/3,SOMNATH ROAD,DHABEL,DAMAN-396210 DAMAN-396210 Daman and Diu INDIA",Indian Non-Government Company
U01144DD1991PTC001144,DEVILABEN MOTELS PRIVATE LIMITED,STRIKE OFF,Private,Company Limited by Shares,"500,000.00","27,200.00",11-07-91,Daman and Diu,RoC-Goa,NA,HOUSE NO 342/4KHADIWAR NANI DAMAN DAMAN Daman and Diu INDIA 396210,Indian Non-Government Company
U19119DD1989PTC001004,PHOENIX LEATHERS PRIVATE LIMITED,STRIKE OFF,Private,Company Limited by Shares,"1,000,000.00","75,000.00",31-10-89,Daman and Diu,RoC-Goa,Manufacturing (Leather & products thereof),22 C DAMANINDUSTRIAL ESTATE SOMNATH ROAD DAMAN Daman and Diu INDIA,Indian Non-Government Company
U00335DD1989PTC000989,ROMALIUM ANODES (DAMAN) PRIVATE LIMITED,STRIKE OFF,Private,Company Limited by Shares,"500,000.00",NA,10-08-89,Daman and Diu,RoC-Goa,NA,"13/4,RINGANWADA,NEXT TO KRUPAPOLYFILM,NANI DAMAN Daman and Diu INDIA",Indian Non-Government Company
U24299DD1989PTC000975,EVEREST MULTI OXIDES PRIVAT LIMITED,STRIKE OFF,Private,Company Limited by Shares,"2,500,000.00",400,30-05-89,Daman and Diu,RoC-Goa,"Manufacturing (Metals & Chemicals, and products thereof)",27 DAMAN VAPI ROADOPP SAGAR SAMRAT KHARIWAD DAMAN Daman and Diu INDIA,Indian Non-Government Company
U55101DD1989PTC000967,SWEET HOME HOTELS PRIVATE LIMITED,STRIKE OFF,Private,Company Limited by Shares,"1,000,000.00","958,000.00",12-04-89,Daman and Diu,RoC-Goa,Trading,SUTHARWADAVAPI DAMAN ROAD DABHEL DAMAN (UT) Daman and Diu INDIA,Indian Non-Government Company
U00332DD1989PLC000948,UNIK METAL EXTRUSIONS LIMITED,STRIKE OFF,Public,Company Limited by Shares,"5,000,000.00",NA,28-02-89,Daman and Diu,RoC-Goa,NA,"27, DAMAN-VAPI ROAD,OPP. SAGAR SAMRAT, KHARIWAD, DAMAN Daman and Diu INDIA",Indian Non-Government Company
U00313DD1988PTC000933,GEETA PLASTICS PRIVATE LIMITED,STRIKE OFF,Private,Company Limited by Shares,"1,400,000.00",NA,07-12-88,Daman and Diu,RoC-Goa,NA,"MAHARANI INDUSTRIAL ESTATE,BUILDING NO. 3,4 GALA NO.464, DAPHEL DAMAN. Daman and Diu INDIA",Indian Non-Government Company
U00313DD1988PTC000932,KEIFEL PLASTICS PRIVATE LIMITED,STRIKE OFF,Private,Company Limited by Shares,"1,400,000.00",NA,07-12-88,Daman and Diu,RoC-Goa,NA,"MAHARANI INDUSTRIAL ESTATE,BUILDING NO. 2,3,4 GALA 323, DEPHEL DAMAN. Daman and Diu INDIA",Indian Non-Government Company
U25209DD1988PTC000926,FINE PLAST INDUSTRIES PRIVATE LIMITED,STRIKE OFF,Private,Company Limited by Shares,"15,000,000.00","12,000,000.00",22-11-88,Daman and Diu,RoC-Goa,"Manufacturing (Metals & Chemicals, and products thereof)",NATIONAL HOUSESOMNATH DABHEL DAMAN Daman and Diu INDIA 396210,Indian Non-Government Company
U00064DD1988PTC000925,PRECIOUS PLASTICS PRIVATE LIMITED,STRIKE OFF,Private,Company Limited by Shares,"2,400,000.00",NA,22-11-88,Daman and Diu,RoC-Goa,NA,MAHARANI INDUSTRIAL ESTATEBUILDING NO.4 GALA NO.1 DABHEL DAMAN DABHEL DAMAN Daman and Diu INDIA,Indian Non-Government Company
U25209DD1988PTC000910,MONA PLAST PRIVATE LIMITED,STRIKE OFF,Private,Company Limited by Shares,"500,000.00","3,000.00",05-10-88,Daman and Diu,RoC-Goa,"Manufacturing (Metals & Chemicals, and products thereof)",A-2/33SOMNATH INDUSTRIAL ESTATE DAMAN DAMAN (U.T.) Daman and Diu INDIA 396210,Indian Non-Government Company
U00339DD1975PLC000242,KINGS ELECTROPLATING AND AUTO ENGINEERS LIMITED,LIQUIDATED,Public,Company Limited by Shares,"1,000,000.00",NA,06-09-75,Daman and Diu,RoC-Goa,NA,"A2-4, DAMAN INDUSTRIAL ESTATE,DAMAN. Daman and Diu INDIA",Indian Non-Government Company
U51102DD2005PTC004149,GHOTAGE AND MANJREKAR EXPORTS PRIVATE LIMITED,DORMANT,Private,Company Limited by Shares,"1,000,000.00","100,000.00",26-09-05,Daman and Diu,RoC-Goa,Trading,B-T-10 CAMPAL TRADE CENTERBEHIND MILITARY HOSPITAL CAMPAL PANJI GOA Daman and Diu INDIA 396321,Indian Non-Government Company
U01122DD2005PTC004108,GOA COMMUNICATION AND CONSULTANCY SERVICES PRIVATE LIMITED,DORMANT,Private,Company Limited by Shares,"100,000.00","100,000.00",08-08-05,Daman and Diu,RoC-Goa,Agriculture and Allied Activities,1ST FLOOR PRISTONIA CHAMBERSABOVE LILY GARMENTS NEW MARKET MARGAO GOA Daman and Diu INDIA 396210,Indian Non-Government Company
U22122DD2004PTC002731,DAMAN NEWS LINE PRIVATE LIMITED,DORMANT,Private,Company Limited by Shares,"500,000.00","100,000.00",29-07-04,Daman and Diu,RoC-Goa,"Manufacturing (Paper & Paper products, Publishing, printing and reproduction of recorded media)",GHELWADFALIA DABHEL DAMAN Daman and Diu INDIA 396215,Indian Non-Government Company
U99999MH1990PTC054456,KLJO,DORMANT,Private,Company Limited by Guarantee,NA,NA,23-10-90,Daman and Diu,RoC-Goa,NA,Daman and Diu INDIA,Indian Non-Government Company
U34300DD1983SGC000521,ROYAL AGRO AND AUTO PRIVATE LIMITED,DORMANT,Private,Company Limited by Shares,"2,500,000.00","200,000.00",15-12-83,Daman and Diu,RoC-Goa,Manufacturing (Machinery & Equipments),A 3/12DAMAN INDUSTRIAL ESTATE SOMNATH ROAD DAMAN Daman and Diu INDIA 396210,State Government Company
U25207DD1979PTC000380,TAURUS PRINTS PRIVATE LIMITED,DORMANT,Private,Company Limited by Shares,"2,000,000.00","902,200.00",06-11-79,Daman and Diu,RoC-Goa,"Manufacturing (Metals & Chemicals, and products thereof)",A 1/7DAMAN INDUSTRIAL ESTATE SOMNATH ROAD DAMAN Daman and Diu INDIA 396210,Indian Non-Government Company
U24232DD1993PLC001459,GARRISON PHARMA (INDIA) LIMITED,DORMANT,Public,Company Limited by Shares,"20,000,000.00","19,997,210.00",22-10-93,Daman and Diu,RoC-Goa,"Manufacturing (Metals & Chemicals, and products thereof)","2/182, VANIAWAD, NANI DAMAN DAMAN Daman and Diu INDIA 396210",Indian Non-Government Company
U24139DD1972PTC000134,GOA FOAM PRIVATE LIMITED,DORMANT,Private,Company Limited by Shares,"500,000.00","500,000.00",15-02-72,Daman and Diu,RoC-Goa,"Manufacturing (Metals & Chemicals, and products thereof)",PLOT NO 24SOMNATH INDUSTRIAL ESTATE DAMAN DAMAN Daman and Diu INDIA,Indian Non-Government Company
L00210DD1992PLC001254,SHRI ANJANEY AGRO FOODS LIMITED,DORMANT,Public,Company Limited by Shares,"12,000,000.00",NA,15-07-92,Daman and Diu,RoC-Goa,NA,"INDUSTRIAL ESTATE, MALALA DIU MALALA DIU Daman and Diu INDIA 362520",Indian Non-Government Company
U25209DD1986PTC001062,TRIPLAST (B0MBAY) PRIVATE LIMITED,DORMANT,Private,Company Limited by Shares,"2,000,000.00","2,000,000.00",10-10-86,Daman and Diu,RoC-Goa,"Manufacturing (Metals & Chemicals, and products thereof)","SURVEY NO.57/3(8), PLOT NO.17KASHRICHAND WADI BHENSROL, NANI DAMAN,DAMAN. Daman and Diu INDIA",Indian Non-Government Company
U31200DD2003PTC003241,OXFORD MOULDINGS PRIVATE LIMITED,DORMANT,Private,Company Limited by Shares,"70,000,000.00","49,525,000.00",09-06-03,Daman and Diu,RoC-Goa,Manufacturing (Machinery & Equipments),"OFFICE NO. 213,SABARI APARTMENT, BUILDING NO. 1, SURVEY NO. 387,DUNGRI FALIA KACHIGAM, DAMAN 396 210 U.T. Daman and Diu INDIA",Indian Non-Government Company
U00261DD1995PTC001772,OCEANIC NETS PRIVATE LIMITED,DORMANT,Private,Company Limited by Shares,"10,000,000.00",NA,07-02-95,Daman and Diu,RoC-Goa,NA,"SHED NO.A-1,GDDIDC INDUSTRIALESTATE, DAMAN. ESTATE, DAMAN. Daman and Diu INDIA",Indian Non-Government Company
L25209DD1994PLC001584,MONALISA INFOTECH LIMITED,DORMANT,Public,Company Limited by Shares,"120,000,000.00","87,243,000.00",09-05-94,Daman and Diu,RoC-Goa,"Manufacturing (Metals & Chemicals, and products thereof)",PLOT NO 31 DAMAN INDUSTRIALESTATE SOMNATH ROAD DAMAN Daman and Diu INDIA 396210,Indian Non-Government Company
U01058DD1990PTC001058,NASSERVANJI LIQUORS PRIVATE LIMITED,DORMANT,Private,Company Limited by Shares,"100,000.00","100,000.00",20-07-90,Daman and Diu,RoC-Goa,NA,MAINROAD DAMAN Daman and Diu INDIA 369210,Indian Non-Government Company
U74900DD2010PTC004679,INDIA ADVANTAGE SECURITIES (DAMAN) PRIVATE LIMITED,"Dormant under section 455 of Companies Act, 2013",Private,Company Limited by Shares,"250,000,000.00","100,000.00",11-01-10,Daman and Diu,RoC-Goa,Business Services,"SHOP NO. 19, CORNER POINT, DAMAN DABHEL ROAD, NANI DAMAN Daman and Diu INDIA 396210",Indian Non-Government Company
U45200DD2000PTC002840,SUNRISE PREMIUM PROPERTIES PRIVATE LIMITED,CONVERTED TO LLP AND DISSOLVED,Private,Company Limited by Shares,"10,000,000.00","10,000,000.00",29-03-00,Daman and Diu,RoC-Goa,Construction,PLOT NO 656 /12A AND BSOMNATH KACHIGAM ROAD VILLAGE DABHEL NEAR DAMAN DAI NANI DAMAN Daman and Diu INDIA 396210,Indian Non-Government Company
U00313DD1988PTC000920,PRITI PLASTICS PRIVATE LIMITED,AMALGAMATED,Private,Company Limited by Shares,"10,000,000.00",NA,31-10-88,Daman and Diu,RoC-Goa,NA,"688/8, SIDDHI VINAYAKINDUSTRIAL ESTATE, SOMNATH ROAD, DAMAN 396 210. Daman and Diu INDIA",Indian Non-Government Company
U55101DD1992PTC003655,SHALIMAR PACKAGING PRIVATE LIMITED,AMALGAMATED,Private,Company Limited by Shares,"50,000,000.00","40,000,000.00",02-06-92,Daman and Diu,RoC-Goa,Trading,"OFFICE NO. 205,SABARI KACHIGAM, DAMAN 396 210 (U.T.) Daman and Diu INDIA",Indian Non-Government Company
U00349DD1987PLC002394,PSL INTERNATIONAL LIMITED,AMALGAMATED,Public,Company Limited by Shares,"250,000,000.00",NA,24-08-87,Daman and Diu,RoC-Goa,NA,"KACHIGAM, NANI DAMAN UNIONTERRITORY OF DAMAN & DIU. TERRITORY OF DAMAN & DIU. Daman and Diu INDIA",Indian Non-Government Company
U31200DD1994PTC001893,MGM METALLISERS PRIVATE LIMITED,AMALGAMATED,Private,Company Limited by Shares,"20,000,000.00","18,138,910.00",07-06-94,Daman and Diu,RoC-Goa,Manufacturing (Machinery & Equipments),PLOT NO 47DABHEL INDUSTRIAL COOP SOC DABHELI DAMAN DAMAN & DIU Daman and Diu INDIA 396210,Indian Non-Government Company
U00336DD1987PLC001133,METADUST (INDIA) LIMITED,AMALGAMATED,Public,Company Limited by Shares,"1,500,000.00",NA,22-04-87,Daman and Diu,RoC-Goa,NA,"PLOT NO. 723/5A SOMNATH ROAD,DAMAN VILLAGE DABHEL DAMAN. DAMAN VILLAGE DABHEL, DAMAN. Daman and Diu INDIA",Indian Non-Government Company
U31200DD1989PTC001007,GHOOM TEX (INDIA) PRIVATE LIMITED,AMALGAMATED,Private,Company Limited by Shares,"7,500,000.00",NA,24-11-89,Daman and Diu,RoC-Goa,Manufacturing (Machinery & Equipments),"24/1-A, RINGANWADA, KACHIGAMROAD, DAMAN. ROAD, DAMAN. Daman and Diu INDIA",Indian Non-Government Company
